date,day of week,exercise type,weight,reps,RPE,e1rm,total sleep minutes,deep sleep minutes,REM sleep minutes,avg RHR (bpm),avg HRV (ms),velocity set,velocity start time,set mean velocity m/s,fastest rep,fastest mean velocity m/s,slowest rep,slowest mean velocity m/s,last rep mean velocity m/s,velocity loss %,set mean force N,set mean force/bodyweight N/kg,set peak force N,set peak force/bodyweight N/kg
2026-07-20,Monday,Comp Deadlift,270,2,6,323.5,326,43,75,55,52,13,11:29:16,0.57,1,0.64,2,0.5,0.5,21.88,1206.2,13.71,1607.3,18.26
2026-07-20,Monday,Comp Deadlift,270,2,6,323.5,326,43,75,55,52,12,11:25:30,0.595,2,0.65,1,0.54,0.65,0,1206.2,13.71,1616.8,18.37
2026-07-20,Monday,Comp Bench,170,5,9,203.7,326,43,75,55,52,9,11:13:27,0.244,1,0.29,5,0.19,0.19,34.48,755.1,8.58,924.4,10.5
2026-07-20,Monday,Comp Bench,170,5,7.5,212.1,326,43,75,55,52,8,11:09:54,0.29,2,0.31,5,0.27,0.27,12.9,755.1,8.58,942.2,10.71
2026-07-20,Monday,Comp Bench,170,5,7.5,212.1,326,43,75,55,52,7,11:06:26,0.3,3,0.33,5,0.25,0.25,24.24,755.1,8.58,941,10.69
2026-07-20,Monday,Comp Bench,165,5,6,214,326,43,75,55,52,6,11:02:03,0.282,5,0.3,4,0.24,0.3,0,735.5,8.36,916.6,10.42
2026-07-20,Monday,Comp Bench,190,5,9.5,224.5,326,43,75,55,52,5,10:57:56,0.236,1,0.29,5,0.16,0.16,44.83,843.4,9.58,1006,11.43
2026-07-19,Sunday,Comp Deadlift,345,4,6,436.1,643,71,153,49,74,7,17:04:48,0.31,1,0.32,3,0.29,0.29,9.38,1539.6,17.5,1793,20.38
2026-07-19,Sunday,Comp Deadlift,430,3,10,472.6,643,71,153,49,74,6,16:54:13,0.15,2,0.16,1,0.14,0.15,12.5,1912.3,21.73,2115.9,24.04
2026-07-17,Friday,Pause Below the Knee Sumo Deadlift,295,3,7,353.4,444,31,111,54.4,63.4,12,15:05:17,0.313,2,0.34,3,0.28,0.28,17.65,1314.1,14.93,1571.6,17.86
2026-07-17,Friday,Pause Below the Knee Sumo Deadlift,295,3,7,353.4,444,31,111,54.4,63.4,11,15:01:32,0.24,1,0.28,3,0.21,0.21,25,1314.1,14.93,1518,17.25
2026-07-17,Friday,High Bar Squat,235,5,7,297,444,31,111,54.4,63.4,6,14:43:15,0.51,1,0.56,4,0.47,0.48,16.07,1049.3,11.92,1343.8,15.27
2026-07-16,Thursday,Spoto Press,154.3,5,,,601,23,120,53,62,8,16:57:47,0.376,1,0.41,4,0.35,0.35,14.63,686.5,7.8,897.5,10.2
2026-07-16,Thursday,Spoto Press,154.3,5,,,601,23,120,53,62,7,16:54:19,0.358,1,0.38,5,0.34,0.34,10.53,686.5,7.8,875.9,9.95
2026-07-16,Thursday,Spoto Press,155,5,6,201,601,23,120,53,62,6,16:50:53,0.356,1,0.37,2,0.35,0.35,5.41,686.5,7.8,868.4,9.87
2026-07-16,Thursday,Spoto Press,155,5,7,195.9,601,23,120,53,62,5,16:47:17,0.382,1,0.41,5,0.34,0.34,17.07,686.5,7.8,882.4,10.03
2026-07-16,Thursday,Spoto Press,160,5,6.5,204.9,601,23,120,53,62,,,,,,,,,,,,,
2026-07-16,Thursday,Spoto Press,160,5,6.5,204.9,601,23,120,53,62,,,,,,,,,,,,,
2026-07-15,Wednesday,Incline Bench,125,5,7,158,448,42,76,58,37,12,17:03:15,0.482,1,0.54,5,0.38,0.38,29.63,559,6.35,801,9.1
2026-07-15,Wednesday,Comp Squat,275,5,6,356.7,448,42,76,58,37,8,16:51:11,0.424,2,0.45,3,0.41,0.41,8.89,1225.8,13.93,1487.2,16.9
2026-07-15,Wednesday,Comp Squat,325,5,8,400.1,448,42,76,58,37,7,16:42:02,0.342,1,0.37,5,0.3,0.3,18.92,1451.4,16.49,1694.8,19.26
2026-07-14,Tuesday,Comp Deadlift,270,3,7,323.5,375,75,57,51.8,55.8,15,12:41:22,0.477,3,0.5,2,0.46,0.5,0,1206.2,13.71,1700,19.32
2026-07-14,Tuesday,Comp Deadlift,270,3,7,323.5,375,75,57,51.8,55.8,14,12:37:57,0.54,2,0.6,3,0.47,0.47,21.67,1206.2,13.71,1628.1,18.5
2026-07-14,Tuesday,Comp Deadlift,270,3,7,323.5,375,75,57,51.8,55.8,13,12:34:24,0.537,2,0.6,1,0.41,0.6,31.67,1206.2,13.71,1614.9,18.35
2026-07-14,Tuesday,Comp Bench,160.9,5,,,375,75,57,51.8,55.8,10,12:24:39,0.3,1,0.34,5,0.24,0.24,29.41,715.9,8.14,911.2,10.35
2026-07-14,Tuesday,Comp Bench,160,5,9,191.7,375,75,57,51.8,55.8,9,12:21:15,0.27,1,0.31,5,0.21,0.21,32.26,715.9,8.14,861.8,9.79
2026-07-14,Tuesday,Comp Bench,160,5,7.5,199.6,375,75,57,51.8,55.8,8,12:18:20,0.304,3,0.33,5,0.26,0.26,21.21,715.9,8.14,887.6,10.09
2026-07-14,Tuesday,Comp Bench,160,5,7,202.2,375,75,57,51.8,55.8,7,12:14:56,0.28,1,0.3,5,0.22,0.22,26.67,715.9,8.14,864,9.82
2026-07-14,Tuesday,Comp Bench,160,5,7,202.2,375,75,57,51.8,55.8,6,12:12:08,0.32,2,0.35,5,0.28,0.28,20,715.9,8.14,888.8,10.1
2026-07-14,Tuesday,Comp Bench,175,5,8,215.4,375,75,57,51.8,55.8,5,12:08:04,0.262,2,0.31,5,0.2,0.2,35.48,774.7,8.8,960.6,10.92
2026-07-14,Tuesday,Comp Bench,155,5,8,190.8,375,75,57,51.8,55.8,,,,,,,,,,,,,
2026-07-13,Monday,High Bar Squat,225,5,7,284.4,737,48,183,52.1,67.2,15,11:17:02,0.53,2,0.56,4,0.49,0.53,12.5,1000.3,11.37,1329.7,15.11
2026-07-13,Monday,High Bar Squat,225,5,7,284.4,737,48,183,52.1,67.2,14,11:13:00,0.554,2,0.58,3,0.53,0.53,8.62,1000.3,11.37,1339.2,15.22
2026-07-13,Monday,High Bar Squat,225,5,7,284.4,737,48,183,52.1,67.2,13,11:09:25,0.556,2,0.58,5,0.53,0.53,8.62,1000.3,11.37,1325,15.06
2026-07-13,Monday,Pause Below the Knee Sumo Deadlift,290,3,7,347.4,737,48,183,52.1,67.2,7,10:41:50,0.287,2,0.32,3,0.26,0.26,18.75,1294.5,14.71,1538,17.48
2026-07-13,Monday,Pause Below the Knee Sumo Deadlift,290,3,7,347.4,737,48,183,52.1,67.2,6,10:38:16,0.273,1,0.28,3,0.26,0.26,7.14,1294.5,14.71,1519.7,17.27
2026-07-13,Monday,Pause Below the Knee Sumo Deadlift,290,3,7,347.4,737,48,183,52.1,67.2,5,10:34:24,0.343,1,0.39,3,0.31,0.31,20.51,1294.5,14.71,1596.9,18.15
2026-07-10,Friday,Comp Deadlift,365,4,8.5,431.2,447,63,137,54,56,9,10:36:25,0.25,1,0.3,4,0.22,0.22,26.67,1627.9,18.5,1852.4,21.05
2026-07-10,Friday,Comp Deadlift,365,4,7.5,443.3,447,63,137,54,56,8,10:30:22,0.348,1,0.38,3,0.28,0.36,26.32,1627.9,18.5,1934.1,21.98
2026-07-10,Friday,Comp Deadlift,365,4,7.5,443.3,447,63,137,54,56,7,10:24:50,0.287,1,0.33,4,0.25,0.25,24.24,1627.9,18.5,1870.3,21.25
2026-07-10,Friday,Comp Deadlift,405,4,9,471.8,447,63,137,54,56,6,10:17:38,0.207,2,0.26,3,0.18,0.18,30.77,1804.4,20.5,2039.1,23.17
2026-07-07,Tuesday,Spoto Press,141.1,5,,,355,67,59,52,60,8,16:23:36,0.422,1,0.46,5,0.35,0.35,23.91,627.6,7.13,848.1,9.64
2026-07-07,Tuesday,Spoto Press,140,5,5,186.2,355,67,59,52,60,7,16:20:20,0.424,4,0.46,3,0.38,0.43,17.39,627.6,7.13,841.2,9.56
2026-07-07,Tuesday,Spoto Press,140,6,5,190.8,355,67,59,52,60,6,16:17:03,0.428,4,0.46,6,0.4,0.4,13.04,627.6,7.13,840.2,9.55
2026-07-07,Tuesday,Spoto Press,140,5,5,186.2,355,67,59,52,60,5,16:13:55,0.462,3,0.48,4,0.44,0.46,8.33,627.6,7.13,853,9.69
2026-07-07,Tuesday,Spoto Press,135,5,5,179.6,355,67,59,52,60,4,16:10:31,0.456,1,0.48,2,0.45,0.45,6.25,598.2,6.8,803.7,9.13
2026-07-07,Tuesday,Spoto Press,145,5,6.5,185.7,355,67,59,52,60,,,,,,,,,,,,,
2026-07-06,Monday,Incline Bench,119,5,,,387,61,96,55,52,14,13:31:53,0.49,2,0.53,5,0.38,0.38,28.3,529.6,6.02,762.1,8.66
2026-07-06,Monday,Incline Bench,119,5,,,387,61,96,55,52,13,13:28:40,0.534,2,0.6,5,0.47,0.47,21.67,529.6,6.02,770.5,8.76
2026-07-06,Monday,Incline Bench,120,5,6.5,153.7,387,61,96,55,52,12,13:25:17,0.536,1,0.57,5,0.49,0.49,14.04,529.6,6.02,760.5,8.64
2026-07-06,Monday,Comp Squat,290,5,8,357,387,61,96,55,52,8,13:13:05,0.394,1,0.46,5,0.33,0.33,28.26,1294.5,14.71,1562.4,17.75
2026-07-06,Monday,Comp Squat,290,5,7.5,361.8,387,61,96,55,52,7,13:07:37,0.402,1,0.45,4,0.34,0.38,24.44,1294.5,14.71,1548.1,17.59
2026-07-06,Monday,Comp Squat,290,5,7.5,361.8,387,61,96,55,52,6,12:56:32,0.43,1,0.48,5,0.36,0.36,25,1294.5,14.71,1566.4,17.8
2026-07-06,Monday,Comp Squat,320,5,8,393.9,387,61,96,55,52,5,12:50:30,0.37,1,0.42,4,0.33,0.33,21.43,1422,16.16,1682.8,19.12
2026-07-06,Monday,Incline Bench,125,5,7,158,387,61,96,55,52,,,,,,,,,,,,,
2026-07-06,Monday,Incline Bench,125,5,7,158,387,61,96,55,52,,,,,,,,,,,,,
2026-07-06,Monday,Comp Squat,290,5,9,347.4,387,61,96,55,52,,,,,,,,,,,,,
2026-07-05,Sunday,Comp Bench,160,5,8,197,636,51,159,52.5,62.5,24,19:29:21,0.32,4,0.36,5,0.28,0.28,22.22,715.9,8.14,902.2,10.25
2026-07-05,Sunday,Comp Bench,160,5,8,197,636,51,159,52.5,62.5,23,19:26:06,0.344,2,0.36,5,0.32,0.32,11.11,715.9,8.14,883.1,10.04
2026-07-05,Sunday,Comp Bench,160,5,8,197,636,51,159,52.5,62.5,22,19:22:37,0.33,2,0.35,5,0.31,0.31,11.43,715.9,8.14,848.3,9.64
2026-07-05,Sunday,Comp Bench,160,5,7.5,199.6,636,51,159,52.5,62.5,21,19:19:13,0.338,1,0.37,5,0.29,0.29,21.62,715.9,8.14,893.2,10.15
2026-07-05,Sunday,Comp Bench,160,5,7,202.2,636,51,159,52.5,62.5,20,19:15:57,0.372,2,0.43,5,0.33,0.33,23.26,715.9,8.14,922.5,10.48
2026-07-05,Sunday,Comp Bench,175,5,7.5,218.3,636,51,159,52.5,62.5,19,19:12:46,0.183,2,0.2,3,0.16,0.16,20,774.7,8.8,843.9,9.59
2026-07-05,Sunday,High Bar Squat,215,5,8,264.7,636,51,159,52.5,62.5,16,19:03:16,0.51,1,0.55,5,0.43,0.43,21.82,961,10.92,1200.7,13.64
2026-07-05,Sunday,High Bar Squat,215,5,8,264.7,636,51,159,52.5,62.5,15,18:59:52,0.532,1,0.56,5,0.47,0.47,16.07,961,10.92,1218.8,13.85
2026-07-05,Sunday,High Bar Squat,215,5,7,271.8,636,51,159,52.5,62.5,14,18:56:15,0.512,1,0.55,2,0.48,0.5,12.73,961,10.92,1196.1,13.59
2026-07-05,Sunday,High Bar Squat,215,5,7,271.8,636,51,159,52.5,62.5,13,18:52:53,0.498,1,0.55,2,0.48,0.48,12.73,961,10.92,1220.3,13.87
2026-07-05,Sunday,High Bar Squat,215,5,6.5,275.3,636,51,159,52.5,62.5,12,18:49:01,0.548,1,0.57,4,0.53,0.54,7.02,961,10.92,1208.2,13.73
2026-07-05,Sunday,Pause Deadlift,275.6,3,,,636,51,159,52.5,62.5,7,18:32:33,0.377,1,0.38,3,0.37,0.37,2.63,1225.8,13.93,1519.9,17.27
2026-07-05,Sunday,Pause Below the Knee Sumo Deadlift,275,3,6.5,334,636,51,159,52.5,62.5,6,18:28:59,0.413,1,0.42,2,0.4,0.42,4.76,1225.8,13.93,1543,17.53
2026-07-05,Sunday,Pause Below the Knee Sumo Deadlift,275,3,6.5,334,636,51,159,52.5,62.5,5,18:25:34,0.383,1,0.39,2,0.38,0.38,2.56,1225.8,13.93,1500.7,17.05
2026-07-05,Sunday,Pause Below the Knee Sumo Deadlift,275,3,6.5,334,636,51,159,52.5,62.5,4,18:22:09,0.39,2,0.43,3,0.36,0.36,16.28,1225.8,13.93,1523.8,17.32
2026-07-05,Sunday,Pause Below the Knee Sumo Deadlift,285,3,7.5,336.7,636,51,159,52.5,62.5,,,,,,,,,,,,,
2026-07-01,Wednesday,Comp Deadlift,355,4,7.5,431.1,442,65,97,51,61,9,16:50:06,0.402,2,0.44,1,0.37,0.38,15.91,1578.9,17.94,1885.8,21.43
2026-07-01,Wednesday,Comp Deadlift,355,4,7.5,431.1,442,65,97,51,61,8,16:44:58,0.45,3,0.47,4,0.43,0.43,8.51,1578.9,17.94,1903.1,21.63
2026-07-01,Wednesday,Comp Deadlift,355,4,7,437,442,65,97,51,61,7,16:39:43,0.485,2,0.5,1,0.47,0.5,0,1578.9,17.94,1888.3,21.46
2026-07-01,Wednesday,Comp Deadlift,355,4,6.5,442.9,442,65,97,51,61,6,16:34:30,0.487,1,0.51,4,0.45,0.45,11.76,1578.9,17.94,1878.3,21.34
2026-07-01,Wednesday,Comp Deadlift,380,4,6.5,474.1,442,65,97,51,61,5,16:27:46,0.443,1,0.46,4,0.4,0.4,13.04,1696.5,19.28,2002.4,22.75
2026-06-30,Tuesday,Spoto Press,154.3,5,,,451,77,109,53,60,10,13:32:02,0.264,1,0.29,5,0.23,0.23,20.69,686.5,7.8,823.1,9.35
2026-06-30,Tuesday,Spoto Press,155,5,6,201,451,77,109,53,60,9,13:28:34,0.294,4,0.31,2,0.28,0.3,9.68,686.5,7.8,831.8,9.45
2026-06-30,Tuesday,Spoto Press,155,4,6,195.9,451,77,109,53,60,8,13:25:12,0.3,2,0.33,3,0.28,0.3,15.15,686.5,7.8,824.2,9.37
2026-06-30,Tuesday,Spoto Press,145,5,6.5,185.7,451,77,109,53,60,7,13:21:54,0.314,1,0.36,4,0.29,0.29,19.44,647.2,7.35,789.3,8.97
2026-06-30,Tuesday,Spoto Press,135,6,6,179.6,451,77,109,53,60,6,13:18:58,0.325,2,0.35,3,0.3,0.33,14.29,598.2,6.8,735.1,8.35
2026-06-30,Tuesday,Spoto Press,135,5,6,175.1,451,77,109,53,60,5,13:15:35,0.35,1,0.4,4,0.33,0.33,17.5,598.2,6.8,739.8,8.41
2026-06-30,Tuesday,Spoto Press,160,5,6,207.5,451,77,109,53,60,,,,,,,,,,,,,
2026-06-29,Monday,Incline Bench,114.6,5,,,369,59,88,53,70,20,12:00:21,0.516,1,0.58,5,0.41,0.41,29.31,509.9,5.79,743.5,8.45
2026-06-29,Monday,Incline Bench,115,5,6,149.2,369,59,88,53,70,19,11:57:19,0.504,3,0.54,5,0.41,0.41,24.07,509.9,5.79,743.5,8.45
2026-06-29,Monday,Incline Bench,115,5,7,145.4,369,59,88,53,70,18,11:54:55,0.452,2,0.48,5,0.41,0.41,14.58,509.9,5.79,729.1,8.29
2026-06-29,Monday,Incline Bench,115,5,7,145.4,369,59,88,53,70,17,11:52:51,0.52,1,0.6,5,0.43,0.43,28.33,509.9,5.79,731.5,8.31
2026-06-29,Monday,Comp Squat,275,4,7.5,334,369,59,88,53,70,12,11:41:10,0.422,1,0.46,5,0.38,0.38,17.39,1225.8,13.93,1456.4,16.55
2026-06-29,Monday,Low Bar Back Squat,280,4,,,369,59,88,53,70,11,11:36:48,0.39,2,0.41,4,0.34,0.34,17.07,1245.4,14.15,1507.1,17.13
2026-06-29,Monday,Comp Squat,280,4,7.5,340.1,369,59,88,53,70,10,11:32:21,0.402,1,0.46,3,0.37,0.39,19.57,1245.4,14.15,1487.5,16.9
2026-06-29,Monday,Comp Squat,280,5,7.5,349.3,369,59,88,53,70,9,11:27:55,0.416,1,0.46,5,0.37,0.37,19.57,1245.4,14.15,1507.1,17.13
2026-06-29,Monday,Comp Squat,280,5,7,353.9,369,59,88,53,70,8,11:22:41,0.42,1,0.45,5,0.36,0.36,20,1245.4,14.15,1503.2,17.08
2026-06-29,Monday,Comp Squat,300,5,7,379.2,369,59,88,53,70,7,11:16:54,0.392,2,0.44,5,0.34,0.34,22.73,1333.7,15.16,1563.7,17.77
2026-06-29,Monday,Comp Squat,280,5,7,353.9,369,59,88,53,70,6,11:12:53,0.45,1,0.45,1,0.45,0.45,0,1245.4,14.15,1501.2,17.06
2026-06-29,Monday,Incline Bench,120,5,6,155.6,369,59,88,53,70,,,,,,,,,,,,,
2026-06-28,Sunday,Comp Bench,130,4,6,164.3,662,98,172,54,64.2,20,16:30:09,0.477,1,0.51,3,0.45,0.45,11.76,578.6,6.57,766.4,8.71
2026-06-28,Sunday,Comp Bench,130,4,6,164.3,662,98,172,54,64.2,19,16:28:32,0.447,1,0.49,2,0.42,0.43,14.29,578.6,6.57,741,8.42
2026-06-28,Sunday,Comp Bench,130,4,6,164.3,662,98,172,54,64.2,18,16:27:22,0.48,2,0.5,1,0.44,0.5,12,578.6,6.57,779.1,8.85
2026-06-28,Sunday,High Bar Squat,190,4,6,240.2,662,98,172,54,64.2,13,16:16:00,0.613,4,0.64,3,0.58,0.64,0,843.4,9.58,1121.1,12.74
2026-06-28,Sunday,High Bar Squat,190,4,6,240.2,662,98,172,54,64.2,12,16:13:44,0.593,1,0.64,4,0.47,0.47,26.56,843.4,9.58,1137,12.92
2026-06-28,Sunday,Sumo Deadlift,229.3,2,,,662,98,172,54,64.2,6,15:56:12,0.41,1,0.42,2,0.4,0.4,4.76,1019.9,11.59,1266.2,14.39
2026-06-28,Sunday,Sumo Deadlift,229.3,2,,,662,98,172,54,64.2,5,15:51:44,0.385,1,0.39,2,0.38,0.38,2.56,1019.9,11.59,1229.3,13.97
2026-06-28,Sunday,Sumo Deadlift,244.7,1,,,662,98,172,54,64.2,4,15:49:54,0.46,1,0.46,1,0.46,0.46,0,1088.5,12.37,1404.4,15.96
2026-06-28,Sunday,Pause Below the Knee Sumo Deadlift,250,2,6,299.5,662,98,172,54,64.2,,,,,,,,,,,,,
2026-06-28,Sunday,Pause Below the Knee Sumo Deadlift,250,2,6,299.5,662,98,172,54,64.2,,,,,,,,,,,,,
2026-06-24,Wednesday,Sumo Deadlift,264.6,3,,,316,22,53,53,60,5,10:40:31,0.573,2,0.61,3,0.53,0.53,13.11,1176.8,13.37,1606.9,18.26
2026-06-24,Wednesday,Sumo Deadlift,264.6,3,,,316,22,53,53,60,4,10:36:47,0.647,2,0.7,1,0.57,0.67,18.57,1176.8,13.37,1601.3,18.2
2026-06-24,Wednesday,Comp Deadlift,265,3,6,326.2,316,22,53,53,60,,,,,,,,,,,,,
2026-06-24,Wednesday,Comp Deadlift,265,3,6,326.2,316,22,53,53,60,,,,,,,,,,,,,
2026-06-23,Tuesday,3 Count Pause Bench,134.9,3,6.5,164,412,18,99,54,56,6,12:03:47,0.4,3,0.42,2,0.38,0.41,9.52,598.2,6.8,758.6,8.62
2026-06-23,Tuesday,3 Count Pause Bench,134.9,3,6.5,164,412,18,99,54,56,5,11:59:34,0.377,2,0.39,3,0.36,0.36,7.69,598.2,6.8,738,8.39
2026-06-22,Monday,Incline Bench,104.9,4,6,132.7,481,28,146,59,46,12,15:32:11,0.6,2,0.66,4,0.53,0.53,19.7,470.7,5.35,710.7,8.08
2026-06-22,Monday,Incline Bench,104.9,4,6,132.7,481,28,146,59,46,11,15:29:11,0.578,1,0.63,3,0.54,0.57,14.29,470.7,5.35,695.9,7.91
2026-06-22,Monday,Comp Squat,209.4,4,,,481,28,146,59,46,7,15:20:26,0.565,3,0.59,2,0.54,0.57,8.47,931.6,10.59,1181.5,13.43
2026-06-22,Monday,Comp Squat,209.4,4,,,481,28,146,59,46,6,15:17:23,0.59,4,0.61,1,0.58,0.61,0,931.6,10.59,1210.7,13.76
2026-06-22,Monday,Comp Squat,209.4,1,,,481,28,146,59,46,5,15:15:32,0.59,1,0.59,1,0.59,0.59,0,931.6,10.59,1201.9,13.66
2026-06-22,Monday,Comp Squat,215,4,6,271.8,481,28,146,59,46,,,,,,,,,,,,,
2026-06-22,Monday,Comp Squat,215,4,6,271.8,481,28,146,59,46,,,,,,,,,,,,,
2026-06-21,Sunday,Comp Deadlift,285.1,2,6,341.5,490,83,155,56,49,16,16:09:07,0.49,2,0.52,1,0.46,0.52,0,1274.9,14.49,1678.8,19.08
2026-06-21,Sunday,Comp Deadlift,285.1,2,6,341.5,490,83,155,56,49,15,16:01:49,0.45,2,0.51,1,0.39,0.51,0,1274.9,14.49,1632.7,18.55
2026-06-21,Sunday,Comp Bench,179.9,4,8.5,212.7,490,83,155,56,49,8,15:32:02,0.242,2,0.26,4,0.23,0.23,11.54,804.1,9.14,960.5,10.91
2026-06-21,Sunday,Comp Bench,179.9,4,8.5,212.7,490,83,155,56,49,7,15:25:50,0.232,1,0.25,4,0.21,0.21,16,804.1,9.14,912.5,10.37
2026-06-21,Sunday,Comp Bench,179.9,4,7,221.6,490,83,155,56,49,6,15:21:53,0.275,1,0.28,2,0.27,0.28,3.57,804.1,9.14,964.2,10.96
2026-06-21,Sunday,Comp Bench,179.9,4,7,221.6,490,83,155,56,49,5,15:16:59,0.28,1,0.3,3,0.26,0.26,13.33,804.1,9.14,983.2,11.17
2026-06-21,Sunday,Comp Bench,205,4,10,232.1,490,83,155,56,49,4,15:09:53,0.17,1,0.2,3,0.15,0.15,25,912,10.36,1036.3,11.78
2026-06-21,Sunday,Comp Deadlift,285,2,6,341.4,490,83,155,56,49,,,,,,,,,,,,,
2026-06-21,Sunday,Comp Deadlift,285,2,6,341.4,490,83,155,56,49,,,,,,,,,,,,,
2026-06-20,Saturday,Pause Below the Knee Sumo Deadlift,315,2,7,367.1,545,91,176,54.3,56.4,,,,,,,,,,,,,
2026-06-20,Saturday,Pause Below the Knee Sumo Deadlift,315,2,7,367.1,545,91,176,54.3,56.4,,,,,,,,,,,,,
2026-06-20,Saturday,High Bar Squat,250,4,7,307.8,545,91,176,54.3,56.4,,,,,,,,,,,,,
2026-06-20,Saturday,High Bar Squat,250,4,7,307.8,545,91,176,54.3,56.4,,,,,,,,,,,,,
2026-06-17,Wednesday,Comp Deadlift,440,2,10,469.1,440,52,76,56,47,,,,,,,,,,,,,
2026-06-17,Wednesday,Comp Deadlift,350.1,3,7,419.3,440,52,76,56,47,,,,,,,,,,,,,
2026-06-16,Tuesday,3 Count Pause Bench,170,3,7,203.7,392,49,78,52.9,62,,,,,,,,,,,,,
2026-06-16,Tuesday,3 Count Pause Bench,170,3,7,203.7,392,49,78,52.9,62,,,,,,,,,,,,,
2026-06-16,Tuesday,3 Count Pause Bench,170,3,7,203.7,392,49,78,52.9,62,,,,,,,,,,,,,
2026-06-15,Monday,Incline Bench,140,4,6,177,475,81,70,53.7,61.5,,,,,,,,,,,,,
2026-06-15,Monday,Incline Bench,134.9,4,6,170.6,475,81,70,53.7,61.5,,,,,,,,,,,,,
2026-06-15,Monday,Comp Squat,340,4,8.5,401.7,475,81,70,53.7,61.5,,,,,,,,,,,,,
2026-06-15,Monday,Comp Squat,295,4,6.5,368,475,81,70,53.7,61.5,,,,,,,,,,,,,
2026-06-15,Monday,Comp Squat,289.9,4,6,366.6,475,81,70,53.7,61.5,,,,,,,,,,,,,
2026-06-14,Sunday,Pause Below the Knee Sumo Deadlift,300,2,7,349.4,532,71,144,52,61,,,,,,,,,,,,,
2026-06-14,Sunday,Pause Below the Knee Sumo Deadlift,300,2,7,349.4,532,71,144,52,61,,,,,,,,,,,,,
2026-06-14,Sunday,Pause Below the Knee Sumo Deadlift,300,2,7,349.5,,,,,,,,,,,,,,,,,,
2026-06-14,Sunday,Pause Below the Knee Sumo Deadlift,300,2,7,349.5,,,,,,,,,,,,,,,,,,
2026-06-14,Sunday,High Bar Squat,235,4,7,289.2,532,71,144,52,61,,,,,,,,,,,,,
2026-06-14,Sunday,High Bar Squat,235,4,7,289.2,532,71,144,52,61,,,,,,,,,,,,,
2026-06-14,Sunday,High Bar Squat,235,4,7,289.2,532,71,144,52,61,,,,,,,,,,,,,
2026-06-14,Sunday,Comp Bench,195.1,4,9,227.1,532,71,144,52,61,,,,,,,,,,,,,
2026-06-14,Sunday,Comp Bench,175,4,7,215.4,532,71,144,52,61,,,,,,,,,,,,,
2026-06-14,Sunday,Comp Bench,175,4,7,215.4,532,71,144,52,61,,,,,,,,,,,,,
2026-06-14,Sunday,Comp Bench,175,4,7,215.4,532,71,144,52,61,,,,,,,,,,,,,
2026-06-14,Sunday,Comp Bench,175,4,7,215.4,532,71,144,52,61,,,,,,,,,,,,,
2026-06-14,Sunday,Comp Bench,175,4,8.5,206.8,532,71,144,52,61,,,,,,,,,,,,,
2026-06-10,Wednesday,Comp Deadlift,429.9,3,10,472.7,484,46,99,55,52,,,,,,,,,,,,,
2026-06-10,Wednesday,Comp Deadlift,384.9,3,7,461.2,484,46,99,55,52,,,,,,,,,,,,,
2026-06-10,Wednesday,Comp Deadlift,384.9,3,9.5,429.5,484,46,99,55,52,,,,,,,,,,,,,
2026-06-10,Wednesday,Comp Deadlift,380.1,3,6,467.8,484,46,99,55,52,,,,,,,,,,,,,
2026-06-09,Tuesday,Spoto Press,160.1,4,5,207.5,419,40,88,50.4,70,,,,,,,,,,,,,
2026-06-09,Tuesday,Spoto Press,155,4,5,201.1,419,40,88,50.4,70,,,,,,,,,,,,,
2026-06-09,Tuesday,Spoto Press,155,4,5,201.1,419,40,88,50.4,70,,,,,,,,,,,,,
2026-06-09,Tuesday,Spoto Press,150,4,5,194.6,,,,,,,,,,,,,,,,,,
2026-06-09,Tuesday,Spoto Press,149.9,4,5,194.4,419,40,88,50.4,70,,,,,,,,,,,,,
2026-06-08,Monday,Incline Bench,130.1,4,7,160.1,486,58,111,55,61,,,,,,,,,,,,,
2026-06-08,Monday,Incline Bench,130.1,4,7,160.1,486,58,111,55,61,,,,,,,,,,,,,
2026-06-08,Monday,Incline Bench,130.1,4,7,160.1,486,58,111,55,61,,,,,,,,,,,,,
2026-06-08,Monday,Comp Squat,325,4,6.5,405.4,486,58,111,55,61,,,,,,,,,,,,,
2026-06-08,Monday,Comp Squat,305,4,7,375.5,,,,,,,,,,,,,,,,,,
2026-06-08,Monday,Comp Squat,304.9,4,6.5,380.5,486,58,111,55,61,,,,,,,,,,,,,
2026-06-08,Monday,Comp Squat,304.9,4,8.5,360.5,486,58,111,55,61,,,,,,,,,,,,,
2026-06-08,Monday,Comp Squat,304.9,4,9.5,350.3,486,58,111,55,61,,,,,,,,,,,,,
2026-06-08,Monday,Comp Squat,304.9,4,7,375.4,486,58,111,55,61,,,,,,,,,,,,,
2026-06-07,Sunday,Pause Below the Knee Sumo Deadlift,295,2,7,343.7,923,73,250,52.3,64.1,,,,,,,,,,,,,
2026-06-07,Sunday,Pause Below the Knee Sumo Deadlift,295,2,7,343.7,923,73,250,52.3,64.1,,,,,,,,,,,,,
2026-06-07,Sunday,Pause Below the Knee Sumo Deadlift,295,2,7,343.7,923,73,250,52.3,64.1,,,,,,,,,,,,,
2026-06-07,Sunday,Pause Below the Knee Sumo Deadlift,295,2,7,343.7,923,73,250,52.3,64.1,,,,,,,,,,,,,
2026-06-07,Sunday,High Bar Squat,225.1,4,7,276.9,923,73,250,52.3,64.1,,,,,,,,,,,,,
2026-06-07,Sunday,High Bar Squat,225.1,4,7,276.9,923,73,250,52.3,64.1,,,,,,,,,,,,,
2026-06-07,Sunday,High Bar Squat,225.1,4,7,276.9,923,73,250,52.3,64.1,,,,,,,,,,,,,
2026-06-07,Sunday,High Bar Squat,225.1,4,7,276.9,923,73,250,52.3,64.1,,,,,,,,,,,,,
2026-06-07,Sunday,High Bar Squat,225.1,4,7,276.9,923,73,250,52.3,64.1,,,,,,,,,,,,,
2026-06-07,Sunday,Comp Bench,185,4,7.5,224.7,923,73,250,52.3,64.1,,,,,,,,,,,,,
2026-06-07,Sunday,Comp Bench,170,4,6.5,212.1,923,73,250,52.3,64.1,,,,,,,,,,,,,
2026-06-07,Sunday,Comp Bench,170,4,6,215,923,73,250,52.3,64.1,,,,,,,,,,,,,
2026-06-07,Sunday,Comp Bench,170,4,7.5,206.6,923,73,250,52.3,64.1,,,,,,,,,,,,,
2026-06-07,Sunday,Comp Bench,170,4,7.5,206.6,923,73,250,52.3,64.1,,,,,,,,,,,,,
2026-06-07,Sunday,Comp Bench,170,4,7.5,206.6,923,73,250,52.3,64.1,,,,,,,,,,,,,
2026-06-07,Sunday,Comp Bench,170,4,7.5,206.5,,,,,,,,,,,,,,,,,,
2026-06-07,Sunday,Comp Bench,170,4,7.5,206.5,,,,,,,,,,,,,,,,,,
2026-06-07,Sunday,Comp Bench,170,4,7.5,206.5,,,,,,,,,,,,,,,,,,
2026-06-03,Wednesday,Comp Deadlift,410.1,3,8.5,470.9,458,49,105,56.9,42,,,,,,,,,,,,,
2026-06-03,Wednesday,Comp Deadlift,384.9,3,9.5,429.5,458,49,105,56.9,42,,,,,,,,,,,,,
2026-06-03,Wednesday,Comp Deadlift,380.1,3,7.5,448.9,458,49,105,56.9,42,,,,,,,,,,,,,
2026-06-03,Wednesday,Comp Deadlift,375,3,7,449.3,458,49,105,56.9,42,,,,,,,,,,,,,
2026-06-03,Wednesday,Comp Deadlift,375,3,7,449.3,458,49,105,56.9,42,,,,,,,,,,,,,
2026-06-02,Tuesday,Spoto Press,160.1,4,5,207.5,308,30,53,51.3,48,,,,,,,,,,,,,
2026-06-02,Tuesday,Spoto Press,155,4,5,201.1,308,30,53,51.3,48,,,,,,,,,,,,,
2026-06-02,Tuesday,Spoto Press,150,4,5,194.6,,,,,,,,,,,,,,,,,,
2026-06-02,Tuesday,Spoto Press,149.9,4,5,194.4,308,30,53,51.3,48,,,,,,,,,,,,,
2026-06-02,Tuesday,Spoto Press,145.1,4,5,188.1,308,30,53,51.3,48,,,,,,,,,,,,,
2026-06-02,Tuesday,Spoto Press,140,4,5,181.7,308,30,53,51.3,48,,,,,,,,,,,,,
2026-06-02,Tuesday,Spoto Press,140,4,5,181.7,308,30,53,51.3,48,,,,,,,,,,,,,
2026-06-01,Monday,Incline Bench,125,4,7.5,151.9,351,51,71,48.7,60,,,,,,,,,,,,,
2026-06-01,Monday,Incline Bench,125,4,7.5,151.9,351,51,71,48.7,60,,,,,,,,,,,,,
2026-06-01,Monday,Incline Bench,125,4,7.5,151.9,351,51,71,48.7,60,,,,,,,,,,,,,
2026-06-01,Monday,Incline Bench,125,4,7.5,151.9,351,51,71,48.7,60,,,,,,,,,,,,,
2026-06-01,Monday,Comp Squat,310,4,8,371.5,351,51,71,48.7,60,,,,,,,,,,,,,
2026-06-01,Monday,Comp Squat,310,4,8,371.4,,,,,,,,,,,,,,,,,,
2026-06-01,Monday,Comp Squat,285.1,4,7,350.8,351,51,71,48.7,60,,,,,,,,,,,,,
2026-06-01,Monday,Comp Squat,285.1,4,7,350.8,351,51,71,48.7,60,,,,,,,,,,,,,
2026-06-01,Monday,Comp Squat,285.1,4,7.5,346.1,351,51,71,48.7,60,,,,,,,,,,,,,
2026-06-01,Monday,Comp Squat,285.1,4,8,341.5,351,51,71,48.7,60,,,,,,,,,,,,,
2026-06-01,Monday,Comp Squat,285.1,4,8,341.5,351,51,71,48.7,60,,,,,,,,,,,,,
2026-06-01,Monday,Comp Squat,285,4,8,341.4,,,,,,,,,,,,,,,,,,
2026-06-01,Monday,Comp Squat,285,4,8,341.4,,,,,,,,,,,,,,,,,,
2026-05-30,Saturday,Comp Deadlift,300,3,5,379.2,557,43,130,56,50,,,,,,,,,,,,,
2026-05-30,Saturday,Comp Deadlift,300,3,5,379.2,557,43,130,56,50,,,,,,,,,,,,,
2026-05-30,Saturday,Comp Bench,115.1,6,5,156.7,557,43,130,56,50,,,,,,,,,,,,,
2026-05-30,Saturday,Comp Bench,115.1,6,5,156.7,557,43,130,56,50,,,,,,,,,,,,,
2026-05-30,Saturday,Comp Bench,115.1,6,5,156.7,557,43,130,56,50,,,,,,,,,,,,,
2026-05-29,Friday,Pause Below the Knee Sumo Deadlift,225.1,4,6,284.4,504,84,127,51.3,55,,,,,,,,,,,,,
2026-05-29,Friday,Pause Below the Knee Sumo Deadlift,225.1,4,6,284.4,504,84,127,51.3,55,,,,,,,,,,,,,
2026-05-29,Friday,High Bar Squat,175,6,6,232.8,504,84,127,51.3,55,,,,,,,,,,,,,
2026-05-29,Friday,High Bar Squat,175,6,6,232.8,504,84,127,51.3,55,,,,,,,,,,,,,
2026-05-28,Thursday,Spoto Press,110,6,5,149.9,428,47,82,57.4,42.6,,,,,,,,,,,,,
2026-05-28,Thursday,Spoto Press,110,6,5,149.9,428,47,82,57.4,42.6,,,,,,,,,,,,,
2026-05-28,Thursday,Comp Deadlift,225.1,5,6,291.9,428,47,82,57.4,42.6,,,,,,,,,,,,,
2026-05-28,Thursday,Comp Deadlift,220,5,6,285.3,428,47,82,57.4,42.6,,,,,,,,,,,,,
2026-05-25,Monday,Comp Squat,175,6,5,238.5,553,66,141,53,69,,,,,,,,,,,,,
2026-05-25,Monday,Comp Squat,175,6,5,238.5,553,66,141,53,69,,,,,,,,,,,,,
2026-05-24,Sunday,Pause Below the Knee Sumo Deadlift,285.1,4,7,350.8,650,96,177,56.9,59,,,,,,,,,,,,,
2026-05-24,Sunday,Pause Below the Knee Sumo Deadlift,285.1,4,7,350.8,650,96,177,56.9,59,,,,,,,,,,,,,
2026-05-24,Sunday,High Bar Squat,235,6,6,312.6,650,96,177,56.9,59,,,,,,,,,,,,,
2026-05-24,Sunday,High Bar Squat,235,6,6,312.6,650,96,177,56.9,59,,,,,,,,,,,,,
2026-05-24,Sunday,Comp Bench,185,6,8.5,230.8,650,96,177,56.9,59,,,,,,,,,,,,,
2026-05-24,Sunday,Comp Bench,170,6,7,220.5,650,96,177,56.9,59,,,,,,,,,,,,,
2026-05-24,Sunday,Comp Bench,165,6,6,219.5,,,,,,,,,,,,,,,,,,
2026-05-24,Sunday,Comp Bench,165,6,6,219.5,,,,,,,,,,,,,,,,,,
2026-05-24,Sunday,Comp Bench,165,6,6,219.5,,,,,,,,,,,,,,,,,,
2026-05-24,Sunday,Comp Bench,164.9,6,6,219.4,650,96,177,56.9,59,,,,,,,,,,,,,
2026-05-24,Sunday,Comp Bench,164.9,6,6,219.4,650,96,177,56.9,59,,,,,,,,,,,,,
2026-05-24,Sunday,Comp Bench,164.9,6,6,219.4,650,96,177,56.9,59,,,,,,,,,,,,,
2026-05-20,Wednesday,Comp Deadlift,369.9,5,6,479.9,403,26,78,56,56,,,,,,,,,,,,,
2026-05-20,Wednesday,Comp Deadlift,315,5,5.5,413.8,403,26,78,56,56,,,,,,,,,,,,,
2026-05-19,Tuesday,Spoto Press,145.1,6,5,197.5,317,65,64,52,58,,,,,,,,,,,,,
2026-05-19,Tuesday,Spoto Press,140,6,5,190.9,317,65,64,52,58,,,,,,,,,,,,,
2026-05-19,Tuesday,Spoto Press,134.9,6,5,184.1,317,65,64,52,58,,,,,,,,,,,,,
2026-05-18,Monday,Comp Squat,289.9,6,6.5,381,437,78,104,56,55,,,,,,,,,,,,,
2026-05-18,Monday,Comp Squat,244.9,6,5,334,437,78,104,56,55,,,,,,,,,,,,,
2026-05-17,Sunday,High Bar Squat,225.1,6,7,291.9,682,70,179,57,54,,,,,,,,,,,,,
2026-05-17,Sunday,High Bar Squat,225.1,6,7,291.9,682,70,179,57,54,,,,,,,,,,,,,
2026-05-17,Sunday,High Bar Squat,225.1,6,7,291.9,682,70,179,57,54,,,,,,,,,,,,,
2026-05-17,Sunday,Comp Bench,175,6,7,227.1,682,70,179,57,54,,,,,,,,,,,,,
2026-05-17,Sunday,Comp Bench,165,6,6,219.5,,,,,,,,,,,,,,,,,,
2026-05-17,Sunday,Comp Bench,164.9,6,7,214.1,682,70,179,57,54,,,,,,,,,,,,,
2026-05-17,Sunday,Comp Bench,164.9,6,7,214.1,682,70,179,57,54,,,,,,,,,,,,,
2026-05-17,Sunday,Comp Bench,164.9,6,7,214.1,682,70,179,57,54,,,,,,,,,,,,,
2026-05-17,Sunday,Comp Bench,164.9,6,9,203,682,70,179,57,54,,,,,,,,,,,,,
2026-05-17,Sunday,Comp Bench,164.9,6,6,219.4,682,70,179,57,54,,,,,,,,,,,,,
2026-05-15,Friday,Comp Deadlift,354.9,5,6,460.3,503,75,114,57.6,56.6,,,,,,,,,,,,,
2026-05-15,Friday,Comp Deadlift,345,5,7,436.1,503,75,114,57.6,56.6,,,,,,,,,,,,,
2026-05-15,Friday,Comp Deadlift,345,5,7,436.1,503,75,114,57.6,56.6,,,,,,,,,,,,,
2026-05-15,Friday,Comp Deadlift,335.1,5,5,445.6,503,75,114,57.6,56.6,,,,,,,,,,,,,
2026-05-12,Tuesday,Spoto Press,149.9,6,6,199.5,399,42,81,54,63,,,,,,,,,,,,,
2026-05-12,Tuesday,Spoto Press,149.9,6,6,199.5,399,42,81,54,63,,,,,,,,,,,,,
2026-05-12,Tuesday,Spoto Press,145.1,6,6,192.9,399,42,81,54,63,,,,,,,,,,,,,
2026-05-12,Tuesday,Spoto Press,140,6,5,190.9,399,42,81,54,63,,,,,,,,,,,,,
2026-05-12,Tuesday,Spoto Press,134.9,6,5,184.1,399,42,81,54,63,,,,,,,,,,,,,
2026-05-11,Monday,Comp Squat,255.1,6,5.5,343.3,322,35,87,56,70,,,,,,,,,,,,,
2026-05-11,Monday,Comp Squat,244.9,6,7,317.7,322,35,87,56,70,,,,,,,,,,,,,
2026-05-11,Monday,Comp Squat,244.9,6,7,317.7,322,35,87,56,70,,,,,,,,,,,,,
2026-05-11,Monday,Comp Squat,244.9,6,8,309.7,322,35,87,56,70,,,,,,,,,,,,,
2026-05-11,Monday,Comp Squat,244.9,6,8,309.7,322,35,87,56,70,,,,,,,,,,,,,
2026-05-10,Sunday,Comp Deadlift,225.1,2,5,276.9,616,56,171,56.1,63.9,,,,,,,,,,,,,
2026-05-10,Sunday,Comp Deadlift,225.1,2,5,276.9,616,56,171,56.1,63.9,,,,,,,,,,,,,
2026-05-10,Sunday,Comp Deadlift,225.1,2,5,276.9,616,56,171,56.1,63.9,,,,,,,,,,,,,
2026-05-10,Sunday,Comp Bench,165,6,6,219.5,,,,,,,,,,,,,,,,,,
2026-05-10,Sunday,Comp Bench,164.9,6,6,219.4,616,56,171,56.1,63.9,,,,,,,,,,,,,
2026-05-10,Sunday,Comp Bench,155,6,6,206.1,616,56,171,56.1,63.9,,,,,,,,,,,,,
2026-05-10,Sunday,Comp Bench,155,6,6,206.1,616,56,171,56.1,63.9,,,,,,,,,,,,,
2026-05-10,Sunday,Comp Bench,155,6,6,206.1,616,56,171,56.1,63.9,,,,,,,,,,,,,
2026-05-10,Sunday,Comp Bench,155,6,6,206.1,616,56,171,56.1,63.9,,,,,,,,,,,,,
2026-05-10,Sunday,Comp Bench,155,6,6,206.1,616,56,171,56.1,63.9,,,,,,,,,,,,,
2026-05-08,Friday,Pause Below the Knee Sumo Deadlift,265,4,7.5,321.9,383,28,58,58,53,,,,,,,,,,,,,
2026-05-08,Friday,Pause Below the Knee Sumo Deadlift,265,4,7.5,321.9,383,28,58,58,53,,,,,,,,,,,,,
2026-05-08,Friday,Pause Below the Knee Sumo Deadlift,265,4,9,308.6,383,28,58,58,53,,,,,,,,,,,,,
2026-05-08,Friday,Pause Below the Knee Sumo Deadlift,265,4,8.5,313.1,383,28,58,58,53,,,,,,,,,,,,,
2026-05-08,Friday,High Bar Squat,215,6,7,278.9,383,28,58,58,53,,,,,,,,,,,,,
2026-05-08,Friday,High Bar Squat,215,6,7,278.9,383,28,58,58,53,,,,,,,,,,,,,
2026-05-08,Friday,High Bar Squat,215,6,7,278.9,383,28,58,58,53,,,,,,,,,,,,,
2026-05-08,Friday,High Bar Squat,210.1,6,6,279.3,383,28,58,58,53,,,,,,,,,,,,,
2026-05-08,Friday,High Bar Squat,205,6,5,279.3,383,28,58,58,53,,,,,,,,,,,,,
2026-05-06,Wednesday,Comp Deadlift,335.1,5,5,445.6,351,30,66,56.8,61,,,,,,,,,,,,,
2026-05-06,Wednesday,Comp Deadlift,335.1,5,7,423.5,351,30,66,56.8,61,,,,,,,,,,,,,
2026-05-06,Wednesday,Comp Deadlift,335.1,5,8.5,406.8,351,30,66,56.8,61,,,,,,,,,,,,,
2026-05-06,Wednesday,Comp Deadlift,335,5,7,423.4,,,,,,,,,,,,,,,,,,
2026-05-06,Wednesday,Comp Deadlift,330,5,6,427.9,351,30,66,56.8,61,,,,,,,,,,,,,
2026-05-06,Wednesday,Comp Deadlift,319.9,5,5,425.5,351,30,66,56.8,61,,,,,,,,,,,,,
2026-05-05,Tuesday,Spoto Press,149.9,6,6,199.5,396,30,86,56,60,,,,,,,,,,,,,
2026-05-05,Tuesday,Spoto Press,145.1,6,5,197.5,396,30,86,56,60,,,,,,,,,,,,,
2026-05-05,Tuesday,Spoto Press,140,6,5,190.9,396,30,86,56,60,,,,,,,,,,,,,
2026-05-05,Tuesday,Spoto Press,140,6,5,190.9,396,30,86,56,60,,,,,,,,,,,,,
2026-05-05,Tuesday,Spoto Press,134.9,6,6,179.5,396,30,86,56,60,,,,,,,,,,,,,
2026-05-05,Tuesday,Spoto Press,134.9,6,5,184.1,396,30,86,56,60,,,,,,,,,,,,,
2026-05-04,Monday,Incline Bench,119.9,6,6,159.6,445,40,103,52,81,,,,,,,,,,,,,
2026-05-04,Monday,Incline Bench,115.1,6,6,153,445,40,103,52,81,,,,,,,,,,,,,
2026-05-04,Monday,Incline Bench,115.1,6,6,153,445,40,103,52,81,,,,,,,,,,,,,
2026-05-04,Monday,Incline Bench,110,6,6,146.4,445,40,103,52,81,,,,,,,,,,,,,
2026-05-04,Monday,Comp Squat,255.1,6,6,339.1,445,40,103,52,81,,,,,,,,,,,,,
2026-05-04,Monday,Comp Squat,250,6,8,315.9,445,40,103,52,81,,,,,,,,,,,,,
2026-05-04,Monday,Comp Squat,250,6,8.5,312,445,40,103,52,81,,,,,,,,,,,,,
2026-05-04,Monday,Comp Squat,244.9,6,6,325.8,445,40,103,52,81,,,,,,,,,,,,,
2026-05-04,Monday,Comp Squat,240.1,6,6,319.2,445,40,103,52,81,,,,,,,,,,,,,
2026-05-04,Monday,Comp Squat,240.1,6,6,319.2,445,40,103,52,81,,,,,,,,,,,,,
2026-05-01,Friday,High Bar Squat,140,8,5,200,,,,,,,,,,,,,,,,,,
2026-05-01,Friday,High Bar Squat,140,8,5,200,,,,,,,,,,,,,,,,,,
2026-05-01,Friday,High Bar Squat,140,8,5,200,,,,,,,,,,,,,,,,,,
2026-05-01,Friday,High Bar Squat,140,8,5,200,,,,,,,,,,,,,,,,,,
2026-05-01,Friday,Comp Deadlift,330,6,6,438.9,,,,,,,,,,,,,,,,,,
2026-05-01,Friday,Comp Deadlift,330,6,6,438.9,,,,,,,,,,,,,,,,,,
2026-04-29,Wednesday,3 Count Pause Bench,105,6,5,143.1,,,,,,,,,,,,,,,,,,
2026-04-29,Wednesday,3 Count Pause Bench,105,6,5,143.1,,,,,,,,,,,,,,,,,,
2026-04-29,Wednesday,3 Count Pause Bench,105,6,5,143.1,,,,,,,,,,,,,,,,,,
2026-04-26,Sunday,Comp Bench,145.1,8,7,197.5,,,,,,,,,,,,,,,,,,
2026-04-26,Sunday,Comp Bench,145.1,8,7,197.5,,,,,,,,,,,,,,,,,,
2026-04-26,Sunday,Comp Bench,145.1,8,7,197.5,,,,,,,,,,,,,,,,,,
2026-04-26,Sunday,Comp Bench,145.1,8,7,197.5,,,,,,,,,,,,,,,,,,
2026-04-22,Wednesday,High Bar Squat,235,8,7.5,316.4,,,,,,,,,,,,,,,,,,
2026-04-22,Wednesday,High Bar Squat,200,8,6,279.1,,,,,,,,,,,,,,,,,,
2026-04-22,Wednesday,High Bar Squat,200,8,6.5,275.8,,,,,,,,,,,,,,,,,,
2026-04-22,Wednesday,High Bar Squat,200,8,6.5,275.8,,,,,,,,,,,,,,,,,,
2026-04-22,Wednesday,High Bar Squat,200,8,7.5,269.4,,,,,,,,,,,,,,,,,,
2026-04-22,Wednesday,High Bar Squat,200,8,8,266.1,,,,,,,,,,,,,,,,,,
2026-04-22,Wednesday,High Bar Squat,200,8,8,266.1,,,,,,,,,,,,,,,,,,
2026-04-21,Tuesday,3 Count Pause Bench,165,6,7.5,211.3,,,,,,,,,,,,,,,,,,
2026-04-21,Tuesday,3 Count Pause Bench,150,6,8.5,187.1,,,,,,,,,,,,,,,,,,
2026-04-21,Tuesday,3 Count Pause Bench,150,6,9,184.7,,,,,,,,,,,,,,,,,,
2026-04-21,Tuesday,3 Count Pause Bench,150,6,9,184.7,,,,,,,,,,,,,,,,,,
2026-04-21,Tuesday,3 Count Pause Bench,145.1,6,9.5,176.1,,,,,,,,,,,,,,,,,,
2026-04-19,Sunday,Comp Squat,230,8,7,313.5,,,,,,,,,,,,,,,,,,
2026-04-19,Sunday,Comp Squat,230,8,7,313.5,,,,,,,,,,,,,,,,,,
2026-04-19,Sunday,Comp Squat,230,8,7,313.5,,,,,,,,,,,,,,,,,,
2026-04-19,Sunday,Comp Squat,230,8,7,313.5,,,,,,,,,,,,,,,,,,
2026-04-19,Sunday,Comp Squat,230,8,7,313.5,,,,,,,,,,,,,,,,,,
2026-04-19,Sunday,Comp Deadlift,330,6,6,438.9,,,,,,,,,,,,,,,,,,
2026-04-19,Sunday,Comp Deadlift,325,6,6,432.3,,,,,,,,,,,,,,,,,,
2026-04-19,Sunday,Comp Deadlift,320,6,6,425.6,,,,,,,,,,,,,,,,,,
2026-04-19,Sunday,Comp Deadlift,315,6,6,418.9,,,,,,,,,,,,,,,,,,
2026-04-17,Friday,Comp Bench,155,8,9,201.1,,,,,,,,,,,,,,,,,,
2026-04-17,Friday,Comp Bench,150,8,6,209.4,,,,,,,,,,,,,,,,,,
2026-04-17,Friday,Comp Bench,145.1,8,6,202.4,,,,,,,,,,,,,,,,,,
2026-04-17,Friday,Comp Bench,140,8,5,200,,,,,,,,,,,,,,,,,,
2026-04-15,Wednesday,High Bar Squat,235,8,8.5,308.6,,,,,,,,,,,,,,,,,,
2026-04-15,Wednesday,High Bar Squat,210.1,8,7,286.2,,,,,,,,,,,,,,,,,,
2026-04-15,Wednesday,High Bar Squat,210.1,8,7.5,282.9,,,,,,,,,,,,,,,,,,
2026-04-15,Wednesday,High Bar Squat,210.1,8,7.5,282.9,,,,,,,,,,,,,,,,,,
2026-04-15,Wednesday,High Bar Squat,210.1,8,7.5,282.9,,,,,,,,,,,,,,,,,,
2026-04-15,Wednesday,High Bar Squat,210.1,8,8,279.3,,,,,,,,,,,,,,,,,,
2026-04-15,Wednesday,High Bar Squat,210.1,8,8,279.3,,,,,,,,,,,,,,,,,,
2026-04-15,Wednesday,Comp Deadlift,310,6,6,412.3,,,,,,,,,,,,,,,,,,
2026-04-15,Wednesday,Comp Deadlift,300,6,5.5,403.9,,,,,,,,,,,,,,,,,,
2026-04-14,Tuesday,3 Count Pause Bench,160.1,5,7.5,199.5,,,,,,,,,,,,,,,,,,
2026-04-14,Tuesday,3 Count Pause Bench,145.1,5,7,183.2,,,,,,,,,,,,,,,,,,
2026-04-14,Tuesday,3 Count Pause Bench,145.1,6,7,188.1,,,,,,,,,,,,,,,,,,
2026-04-14,Tuesday,3 Count Pause Bench,145.1,6,7,188.1,,,,,,,,,,,,,,,,,,
2026-04-12,Sunday,Comp Squat,225.1,8,7,306.7,,,,,,,,,,,,,,,,,,
2026-04-12,Sunday,Comp Squat,225.1,8,7,306.7,,,,,,,,,,,,,,,,,,
2026-04-12,Sunday,Comp Squat,220,8,6,307.1,,,,,,,,,,,,,,,,,,
2026-04-12,Sunday,Comp Deadlift,330,6,5.5,444.5,,,,,,,,,,,,,,,,,,
2026-04-12,Sunday,Comp Deadlift,325,6,7.5,416.2,,,,,,,,,,,,,,,,,,
2026-04-12,Sunday,Comp Deadlift,315,6,6,418.9,,,,,,,,,,,,,,,,,,
2026-04-11,Saturday,Comp Bench,145.1,8,7,197.5,,,,,,,,,,,,,,,,,,
2026-04-11,Saturday,Comp Bench,145.1,8,7,197.5,,,,,,,,,,,,,,,,,,
2026-04-11,Saturday,Comp Bench,140,8,5,200,,,,,,,,,,,,,,,,,,
2026-04-09,Thursday,High Bar Squat,235,8,6,328,,,,,,,,,,,,,,,,,,
2026-04-09,Thursday,High Bar Squat,225.1,6,8,284.4,,,,,,,,,,,,,,,,,,
2026-04-09,Thursday,High Bar Squat,225.1,7,8,291.9,,,,,,,,,,,,,,,,,,
2026-04-09,Thursday,High Bar Squat,225.1,8,7.5,302.9,,,,,,,,,,,,,,,,,,
2026-04-09,Thursday,High Bar Squat,225.1,8,7.5,302.9,,,,,,,,,,,,,,,,,,
2026-04-09,Thursday,Comp Deadlift,295,6,5.5,397.3,,,,,,,,,,,,,,,,,,
2026-04-09,Thursday,Comp Deadlift,285.1,6,5.5,383.8,,,,,,,,,,,,,,,,,,
2026-04-07,Tuesday,3 Count Pause Bench,165,6,8,208.6,,,,,,,,,,,,,,,,,,
2026-04-07,Tuesday,3 Count Pause Bench,145.1,6,7,188.1,,,,,,,,,,,,,,,,,,
2026-04-07,Tuesday,3 Count Pause Bench,145.1,6,7,188.1,,,,,,,,,,,,,,,,,,
2026-04-07,Tuesday,3 Count Pause Bench,145.1,6,8,183.2,,,,,,,,,,,,,,,,,,
2026-04-05,Sunday,Sumo Deadlift,225.1,6,5,306.7,,,,,,,,,,,,,,,,,,
2026-04-05,Sunday,Sumo Deadlift,225.1,6,5,306.7,,,,,,,,,,,,,,,,,,
2026-04-05,Sunday,Comp Squat,195.1,8,5,278.7,,,,,,,,,,,,,,,,,,
2026-04-05,Sunday,Comp Squat,195.1,8,5,278.7,,,,,,,,,,,,,,,,,,
2026-04-04,Saturday,High Bar Squat,150,8,5.5,211.9,,,,,,,,,,,,,,,,,,
2026-04-04,Saturday,High Bar Squat,145.1,8,5,207.2,,,,,,,,,,,,,,,,,,
2026-04-04,Saturday,High Bar Squat,145.1,8,6,202.4,,,,,,,,,,,,,,,,,,
2026-04-04,Saturday,Comp Deadlift,245,6,6,325.9,,,,,,,,,,,,,,,,,,
2026-04-04,Saturday,Comp Deadlift,245,6,6,325.9,,,,,,,,,,,,,,,,,,
2026-04-04,Saturday,Comp Bench,95,8,6,132.7,,,,,,,,,,,,,,,,,,
2026-04-04,Saturday,Comp Bench,95,8,6,132.7,,,,,,,,,,,,,,,,,,
2026-04-01,Wednesday,Low Pin Press,145.1,8,7,197.5,,,,,,,,,,,,,,,,,,
2026-04-01,Wednesday,Low Pin Press,145.1,8,7,197.5,,,,,,,,,,,,,,,,,,
2026-04-01,Wednesday,Low Pin Press,135,10,6,197.4,,,,,,,,,,,,,,,,,,
2026-04-01,Wednesday,3 Count Pause Bench,160.1,6,7.5,204.8,,,,,,,,,,,,,,,,,,
2026-04-01,Wednesday,3 Count Pause Bench,160.1,6,8,202.2,,,,,,,,,,,,,,,,,,
2026-04-01,Wednesday,3 Count Pause Bench,160.1,6,9,196.9,,,,,,,,,,,,,,,,,,
2026-03-29,Sunday,Sumo Deadlift,365.1,6,6.5,479.5,,,,,,,,,,,,,,,,,,
2026-03-29,Sunday,Sumo Deadlift,365,6,6.5,479.4,,,,,,,,,,,,,,,,,,
2026-03-29,Sunday,Sumo Deadlift,320,6,6.5,420.3,,,,,,,,,,,,,,,,,,
2026-03-29,Sunday,Sumo Deadlift,315,6,6,418.9,,,,,,,,,,,,,,,,,,
2026-03-29,Sunday,Comp Squat,265,6,7,343.7,,,,,,,,,,,,,,,,,,
2026-03-29,Sunday,Comp Squat,265,8,7,361.1,,,,,,,,,,,,,,,,,,
2026-03-29,Sunday,Comp Squat,265,8,7,361.1,,,,,,,,,,,,,,,,,,
2026-03-29,Sunday,Comp Squat,235,6,7,304.9,,,,,,,,,,,,,,,,,,
2026-03-29,Sunday,Comp Bench,155,8,7,211.2,,,,,,,,,,,,,,,,,,
2026-03-29,Sunday,Comp Bench,155,8,7,211.2,,,,,,,,,,,,,,,,,,
2026-03-29,Sunday,Comp Bench,155,8,7.5,208.8,,,,,,,,,,,,,,,,,,
2026-03-29,Sunday,Comp Bench,155,8,7.5,208.8,,,,,,,,,,,,,,,,,,
2026-03-27,Friday,High Bar Squat,235,10,8,328,,,,,,,,,,,,,,,,,,
2026-03-27,Friday,High Bar Squat,220,7,8.5,281.8,,,,,,,,,,,,,,,,,,
2026-03-27,Friday,High Bar Squat,220,8,6,307.1,,,,,,,,,,,,,,,,,,
2026-03-27,Friday,High Bar Squat,220,8,6,307.1,,,,,,,,,,,,,,,,,,
2026-03-27,Friday,High Bar Squat,220,8,7.5,296.3,,,,,,,,,,,,,,,,,,
2026-03-27,Friday,High Bar Squat,220,8,8,292.6,,,,,,,,,,,,,,,,,,
2026-03-27,Friday,Comp Deadlift,325,6,7,421.5,,,,,,,,,,,,,,,,,,
2026-03-27,Friday,Comp Deadlift,325,6,9,400.1,,,,,,,,,,,,,,,,,,
2026-03-25,Wednesday,Closegrip Bench,165,8,8,219.5,,,,,,,,,,,,,,,,,,
2026-03-25,Wednesday,Closegrip Bench,164.9,8,8,219.4,,,,,,,,,,,,,,,,,,
2026-03-25,Wednesday,Closegrip Bench,155,7,9,196,,,,,,,,,,,,,,,,,,
2026-03-25,Wednesday,Closegrip Bench,155,8,8.5,203.5,,,,,,,,,,,,,,,,,,
2026-03-25,Wednesday,Closegrip Bench,150,8,6,209.4,,,,,,,,,,,,,,,,,,
2026-03-25,Wednesday,Closegrip Bench,150,8,6,209.4,,,,,,,,,,,,,,,,,,
2026-03-25,Wednesday,Closegrip Bench,150,8,7.5,202,,,,,,,,,,,,,,,,,,
2026-03-22,Sunday,Sumo Deadlift,335.1,6,6.5,440,,,,,,,,,,,,,,,,,,
2026-03-22,Sunday,Sumo Deadlift,315,6,6,418.9,,,,,,,,,,,,,,,,,,
2026-03-22,Sunday,Comp Squat,225.1,8,6.5,310.4,,,,,,,,,,,,,,,,,,
2026-03-22,Sunday,Comp Squat,225.1,8,7,306.7,,,,,,,,,,,,,,,,,,
2026-03-22,Sunday,Comp Squat,225.1,8,7,306.7,,,,,,,,,,,,,,,,,,
2026-03-22,Sunday,Comp Bench,155,8,7,211.2,,,,,,,,,,,,,,,,,,
2026-03-22,Sunday,Comp Bench,155,8,6.5,213.8,,,,,,,,,,,,,,,,,,
2026-03-22,Sunday,Comp Bench,145.1,8,5.5,204.8,,,,,,,,,,,,,,,,,,
2026-03-20,Friday,High Bar Squat,235,8,7,320.3,,,,,,,,,,,,,,,,,,
2026-03-20,Friday,High Bar Squat,215,8,6,300,,,,,,,,,,,,,,,,,,
2026-03-20,Friday,High Bar Squat,215,8,6,300,,,,,,,,,,,,,,,,,,
2026-03-20,Friday,High Bar Squat,215,8,6,300,,,,,,,,,,,,,,,,,,
2026-03-20,Friday,Comp Deadlift,325,6,5.5,437.6,,,,,,,,,,,,,,,,,,
2026-03-20,Friday,Comp Deadlift,315,6,5.5,424.2,,,,,,,,,,,,,,,,,,
2026-03-18,Wednesday,Closegrip Bench,155,7,9.5,193.3,,,,,,,,,,,,,,,,,,
2026-03-18,Wednesday,Closegrip Bench,155,8,5.5,218.9,,,,,,,,,,,,,,,,,,
2026-03-18,Wednesday,Closegrip Bench,150,8,6,209.4,,,,,,,,,,,,,,,,,,
2026-03-18,Wednesday,Closegrip Bench,150,8,6.5,206.9,,,,,,,,,,,,,,,,,,
2026-03-15,Sunday,Sumo Deadlift,335.1,6,6.5,440,,,,,,,,,,,,,,,,,,
2026-03-15,Sunday,Sumo Deadlift,315,6,5,429.2,,,,,,,,,,,,,,,,,,
2026-03-15,Sunday,Comp Squat,225.1,8,6.5,310.4,,,,,,,,,,,,,,,,,,
2026-03-15,Sunday,Comp Squat,215,8,5,307.3,,,,,,,,,,,,,,,,,,
2026-03-13,Friday,Comp Bench,145.1,8,6,202.4,,,,,,,,,,,,,,,,,,
2026-03-13,Friday,Comp Bench,135,8,5,192.9,,,,,,,,,,,,,,,,,,
2026-03-11,Wednesday,High Bar Squat,220,8,6,307.1,,,,,,,,,,,,,,,,,,
2026-03-11,Wednesday,High Bar Squat,210.1,8,6,293.2,,,,,,,,,,,,,,,,,,
2026-03-11,Wednesday,High Bar Squat,210.1,8,7.5,282.9,,,,,,,,,,,,,,,,,,
2026-03-11,Wednesday,High Bar Squat,210.1,8,7,286.2,,,,,,,,,,,,,,,,,,
2026-03-11,Wednesday,Comp Deadlift,305,6,5,415.7,,,,,,,,,,,,,,,,,,
2026-03-11,Wednesday,Comp Deadlift,295,6,5,402.1,,,,,,,,,,,,,,,,,,
2026-03-10,Tuesday,Closegrip Bench,145.1,8,6.5,200,,,,,,,,,,,,,,,,,,
2026-03-10,Tuesday,Closegrip Bench,140,8,6,195.6,,,,,,,,,,,,,,,,,,
2026-03-10,Tuesday,Closegrip Bench,140,8,6,195.4,,,,,,,,,,,,,,,,,,
2026-03-10,Tuesday,Closegrip Bench,135,8,6,188.5,,,,,,,,,,,,,,,,,,
2026-03-06,Friday,Pause Below the Knee Conv Deadlift,205,5,6,265.9,,,,,,,,,,,,,,,,,,
2026-03-06,Friday,Pause Below the Knee Conv Deadlift,205,5,6,265.9,,,,,,,,,,,,,,,,,,
2026-03-06,Friday,Pause Below the Knee Conv Deadlift,205,5,6,265.9,,,,,,,,,,,,,,,,,,
2026-03-06,Friday,Incline Bench,105,5,5,139.7,,,,,,,,,,,,,,,,,,
2026-03-06,Friday,Incline Bench,105,4,5,136.2,,,,,,,,,,,,,,,,,,
2026-03-06,Friday,Incline Bench,105,4,5,136.2,,,,,,,,,,,,,,,,,,
2026-03-06,Friday,Incline Bench,105,4,5,136.2,,,,,,,,,,,,,,,,,,
2026-03-06,Friday,Incline Bench,105,4,5,136.2,,,,,,,,,,,,,,,,,,
2026-03-05,Thursday,Spoto Press,155,5,5,206.1,,,,,,,,,,,,,,,,,,
2026-03-05,Thursday,Spoto Press,155,5,5,206.1,,,,,,,,,,,,,,,,,,
2026-03-05,Thursday,Spoto Press,155,5,5,206.1,,,,,,,,,,,,,,,,,,
2026-03-05,Thursday,Comp Squat,270.1,4,6.5,336.9,,,,,,,,,,,,,,,,,,
2026-03-05,Thursday,Comp Squat,270.1,4,6.5,336.9,,,,,,,,,,,,,,,,,,
2026-03-05,Thursday,Comp Squat,270.1,4,6.5,336.9,,,,,,,,,,,,,,,,,,
2026-03-04,Wednesday,High Bar Squat,195.1,4,5,252.9,,,,,,,,,,,,,,,,,,
2026-03-04,Wednesday,High Bar Squat,195.1,5,5,259.3,,,,,,,,,,,,,,,,,,
2026-03-04,Wednesday,High Bar Squat,195.1,5,5,259.3,,,,,,,,,,,,,,,,,,
2026-03-04,Wednesday,High Bar Squat,195.1,5,5,259.3,,,,,,,,,,,,,,,,,,
2026-03-04,Wednesday,Conventional Deadlift,255.1,5,5,339.1,,,,,,,,,,,,,,,,,,
2026-03-04,Wednesday,Conventional Deadlift,255.1,5,5,339.1,,,,,,,,,,,,,,,,,,
2026-03-04,Wednesday,Conventional Deadlift,255.1,5,5,339.1,,,,,,,,,,,,,,,,,,
2026-03-04,Wednesday,Comp Bench,140,4,5,181.7,,,,,,,,,,,,,,,,,,
2026-03-04,Wednesday,Comp Bench,135,5,5,179.6,,,,,,,,,,,,,,,,,,
2026-03-04,Wednesday,Comp Bench,135,4,5,175.1,,,,,,,,,,,,,,,,,,
2026-03-04,Wednesday,Comp Bench,135,4,5,175.1,,,,,,,,,,,,,,,,,,
2026-03-04,Wednesday,Comp Bench,135,4,5,175.1,,,,,,,,,,,,,,,,,,
2026-03-01,Sunday,Comp Squat,215,4,5,278.9,62,6,0,60,38,,,,,,,,,,,,,
2026-03-01,Sunday,Comp Squat,215,4,5,278.9,62,6,0,60,38,,,,,,,,,,,,,
2026-03-01,Sunday,Comp Squat,215,5,5,285.9,62,6,0,60,38,,,,,,,,,,,,,
2026-03-01,Sunday,Comp Squat,215,5,5,285.9,62,6,0,60,38,,,,,,,,,,,,,
2026-02-26,Thursday,High Bar Squat,235,4,6,297,,,,,,,,,,,,,,,,,,
2026-02-26,Thursday,High Bar Squat,235,4,6.5,293.2,,,,,,,,,,,,,,,,,,
2026-02-26,Thursday,High Bar Squat,235,4,6.5,293.2,,,,,,,,,,,,,,,,,,
2026-02-26,Thursday,Conventional Deadlift,305,5,6,395.6,,,,,,,,,,,,,,,,,,
2026-02-26,Thursday,Conventional Deadlift,305,3,6,375.5,,,,,,,,,,,,,,,,,,
2026-02-26,Thursday,Conventional Deadlift,304.9,3,6,375.4,,,,,,,,,,,,,,,,,,
2026-02-26,Thursday,Comp Bench,165,5,7,208.6,,,,,,,,,,,,,,,,,,
2026-02-26,Thursday,Comp Bench,165,5,7,208.6,,,,,,,,,,,,,,,,,,
2026-02-26,Thursday,Comp Bench,165,5,7,208.6,,,,,,,,,,,,,,,,,,
2026-02-22,Sunday,Comp Squat,250,6,5.5,336.6,653,114,178,57.3,52.2,,,,,,,,,,,,,
2026-02-22,Sunday,Comp Squat,244.9,6,5.5,329.8,653,114,178,57.3,52.2,,,,,,,,,,,,,
2026-02-22,Sunday,Comp Squat,244.9,6,5.5,329.8,653,114,178,57.3,52.2,,,,,,,,,,,,,
2026-02-19,Thursday,Pause Below the Knee Conv Deadlift,185,5,6,239.9,326,33,53,52,64,,,,,,,,,,,,,
2026-02-19,Thursday,Pause Below the Knee Conv Deadlift,185,5,6,239.9,326,33,53,52,64,,,,,,,,,,,,,
2026-02-19,Thursday,Pause Below the Knee Conv Deadlift,185,5,6,239.9,326,33,53,52,64,,,,,,,,,,,,,
2026-02-19,Thursday,Pause Below the Knee Conv Deadlift,185,6,6,246,326,33,53,52,64,,,,,,,,,,,,,
2026-02-19,Thursday,Incline Bench,95,5,5,126.3,326,33,53,52,64,,,,,,,,,,,,,
2026-02-19,Thursday,Incline Bench,95,5,5,126.3,326,33,53,52,64,,,,,,,,,,,,,
2026-02-19,Thursday,Incline Bench,95,5,5,126.3,326,33,53,52,64,,,,,,,,,,,,,
2026-02-19,Thursday,Incline Bench,95,6,5,129.4,326,33,53,52,64,,,,,,,,,,,,,
2026-02-19,Thursday,Incline Bench,95,6,5,129.4,326,33,53,52,64,,,,,,,,,,,,,
2026-02-19,Thursday,Incline Bench,95,6,5,129.5,,,,,,,,,,,,,,,,,,
2026-02-19,Thursday,Incline Bench,95,6,5,129.5,,,,,,,,,,,,,,,,,,
2026-02-17,Tuesday,Spoto Press,145.1,5,6,188.1,485,19,118,54,66,,,,,,,,,,,,,
2026-02-17,Tuesday,Spoto Press,145.1,5,6,188.1,485,19,118,54,66,,,,,,,,,,,,,
2026-02-17,Tuesday,Spoto Press,145.1,5,6,188.1,485,19,118,54,66,,,,,,,,,,,,,
2026-02-17,Tuesday,Spoto Press,145.1,6,6,192.9,485,19,118,54,66,,,,,,,,,,,,,
2026-02-17,Tuesday,Comp Squat,244.9,6,6,325.8,485,19,118,54,66,,,,,,,,,,,,,
2026-02-17,Tuesday,Comp Squat,244.9,6,6,325.8,485,19,118,54,66,,,,,,,,,,,,,
2026-02-17,Tuesday,Comp Squat,244.9,6,6,325.8,485,19,118,54,66,,,,,,,,,,,,,
2026-02-16,Monday,High Bar Squat,179.9,6,5,245.4,488,57,145,55.6,54.1,,,,,,,,,,,,,
2026-02-16,Monday,High Bar Squat,175,6,5,238.5,488,57,145,55.6,54.1,,,,,,,,,,,,,
2026-02-16,Monday,High Bar Squat,175,6,5,238.5,488,57,145,55.6,54.1,,,,,,,,,,,,,
2026-02-16,Monday,High Bar Squat,175,6,5,238.5,488,57,145,55.6,54.1,,,,,,,,,,,,,
2026-02-16,Monday,Conventional Deadlift,235,5,6,304.9,488,57,145,55.6,54.1,,,,,,,,,,,,,
2026-02-16,Monday,Conventional Deadlift,235,5,6,304.9,488,57,145,55.6,54.1,,,,,,,,,,,,,
2026-02-16,Monday,Conventional Deadlift,235,5,6,304.9,488,57,145,55.6,54.1,,,,,,,,,,,,,
2026-02-16,Monday,Conventional Deadlift,235,6,6,312.6,488,57,145,55.6,54.1,,,,,,,,,,,,,
2026-02-16,Monday,Comp Bench,125,5,6,162,488,57,145,55.6,54.1,,,,,,,,,,,,,
2026-02-16,Monday,Comp Bench,125,5,6,162,488,57,145,55.6,54.1,,,,,,,,,,,,,
2026-02-16,Monday,Comp Bench,125,5,5,166.2,488,57,145,55.6,54.1,,,,,,,,,,,,,
2026-02-16,Monday,Comp Bench,125,6,6,166.2,488,57,145,55.6,54.1,,,,,,,,,,,,,
2026-02-16,Monday,Comp Bench,125,6,6,166.2,488,57,145,55.6,54.1,,,,,,,,,,,,,
2026-02-15,Sunday,Pause Below the Knee Conv Deadlift,244.9,5,6,317.7,608,44,128,57,59,,,,,,,,,,,,,
2026-02-15,Sunday,Pause Below the Knee Conv Deadlift,244.9,5,6,317.7,608,44,128,57,59,,,,,,,,,,,,,
2026-02-15,Sunday,Pause Below the Knee Conv Deadlift,244.9,5,6,317.7,608,44,128,57,59,,,,,,,,,,,,,
2026-02-15,Sunday,Incline Bench,125,4,5.5,160.1,608,44,128,57,59,,,,,,,,,,,,,
2026-02-15,Sunday,Incline Bench,125,5,5.5,164.2,608,44,128,57,59,,,,,,,,,,,,,
2026-02-15,Sunday,Incline Bench,125,6,5.5,168.2,608,44,128,57,59,,,,,,,,,,,,,
2026-02-15,Sunday,Incline Bench,125,6,5.5,168.2,608,44,128,57,59,,,,,,,,,,,,,
2026-02-12,Thursday,Spoto Press,115.1,5,5,153,483,53,92,60.5,42.8,,,,,,,,,,,,,
2026-02-12,Thursday,Spoto Press,115.1,6,5,156.7,483,53,92,60.5,42.8,,,,,,,,,,,,,
2026-02-12,Thursday,Spoto Press,115.1,6,5,156.7,483,53,92,60.5,42.8,,,,,,,,,,,,,
2026-02-12,Thursday,Spoto Press,115.1,6,5,156.7,483,53,92,60.5,42.8,,,,,,,,,,,,,
2026-02-12,Thursday,Spoto Press,110,5,5,146.4,483,53,92,60.5,42.8,,,,,,,,,,,,,
2026-02-12,Thursday,Comp Squat,195.1,6,5,265.9,483,53,92,60.5,42.8,,,,,,,,,,,,,
2026-02-12,Thursday,Comp Squat,195.1,6,5,265.9,483,53,92,60.5,42.8,,,,,,,,,,,,,
2026-02-12,Thursday,Comp Squat,195.1,6,5,265.9,483,53,92,60.5,42.8,,,,,,,,,,,,,
2026-02-12,Thursday,Comp Squat,195.1,6,5,265.9,483,53,92,60.5,42.8,,,,,,,,,,,,,
2026-02-10,Tuesday,High Bar Squat,215,6,7,278.9,457,27,93,57,55,,,,,,,,,,,,,
2026-02-10,Tuesday,High Bar Squat,215,6,7,278.9,457,27,93,57,55,,,,,,,,,,,,,
2026-02-10,Tuesday,High Bar Squat,215,6,6,285.9,457,27,93,57,55,,,,,,,,,,,,,
2026-02-10,Tuesday,Conventional Deadlift,285.1,5,6,369.7,457,27,93,57,55,,,,,,,,,,,,,
2026-02-10,Tuesday,Conventional Deadlift,285.1,6,6,379,457,27,93,57,55,,,,,,,,,,,,,
2026-02-10,Tuesday,Conventional Deadlift,280,4,5,363.1,457,27,93,57,55,,,,,,,,,,,,,
2026-02-10,Tuesday,Comp Bench,155,5,5.5,203.5,457,27,93,57,55,,,,,,,,,,,,,
2026-02-10,Tuesday,Comp Bench,155,5,5.5,203.5,457,27,93,57,55,,,,,,,,,,,,,
2026-02-10,Tuesday,Comp Bench,155,5,5.5,203.5,457,27,93,57,55,,,,,,,,,,,,,
2026-02-10,Tuesday,Comp Bench,155,6,6,206.1,457,27,93,57,55,,,,,,,,,,,,,
2026-02-08,Sunday,Comp Squat,235,6,5,320.3,,,,,,,,,,,,,,,,,,
2026-02-08,Sunday,Comp Squat,235,6,5,320.3,,,,,,,,,,,,,,,,,,
2026-02-08,Sunday,Comp Squat,235,6,5,320.3,,,,,,,,,,,,,,,,,,
2026-02-08,Sunday,Comp Squat,235,6,5,320.3,,,,,,,,,,,,,,,,,,
2026-02-07,Saturday,Pause Below the Knee Conv Deadlift,175,5,6,227.1,,,,,,,,,,,,,,,,,,
2026-02-07,Saturday,Pause Below the Knee Conv Deadlift,175,5,6,227.1,,,,,,,,,,,,,,,,,,
2026-02-07,Saturday,Pause Below the Knee Conv Deadlift,175,5,6,227.1,,,,,,,,,,,,,,,,,,
2026-02-07,Saturday,Pause Below the Knee Conv Deadlift,175,6,6,232.8,,,,,,,,,,,,,,,,,,
2026-02-07,Saturday,Pause Below the Knee Conv Deadlift,175,6,6,232.8,,,,,,,,,,,,,,,,,,
2026-02-07,Saturday,Incline Bench,95,6,5,129.4,,,,,,,,,,,,,,,,,,
2026-02-07,Saturday,Incline Bench,95,6,5,129.4,,,,,,,,,,,,,,,,,,
2026-02-07,Saturday,Incline Bench,95,6,5,129.4,,,,,,,,,,,,,,,,,,
2026-02-07,Saturday,Incline Bench,95,6,5,129.4,,,,,,,,,,,,,,,,,,
2026-02-07,Saturday,Incline Bench,95,6,5,129.4,,,,,,,,,,,,,,,,,,
2026-02-07,Saturday,Incline Bench,95,6,5,129.4,,,,,,,,,,,,,,,,,,
2026-02-07,Saturday,Incline Bench,95,6,5,129.5,,,,,,,,,,,,,,,,,,
2026-02-07,Saturday,Incline Bench,95,6,5,129.5,,,,,,,,,,,,,,,,,,
2026-02-07,Saturday,Incline Bench,95,6,5,129.5,,,,,,,,,,,,,,,,,,
2026-02-07,Saturday,Incline Bench,95,6,5,129.5,,,,,,,,,,,,,,,,,,
2026-02-07,Saturday,Incline Bench,95,6,5,129.5,,,,,,,,,,,,,,,,,,
2026-02-07,Saturday,Incline Bench,95,6,5,129.5,,,,,,,,,,,,,,,,,,
2026-02-06,Friday,Spoto Press,130.1,5,5,172.8,407,68,89,60,35,,,,,,,,,,,,,
2026-02-06,Friday,Spoto Press,130.1,5,5,172.8,407,68,89,60,35,,,,,,,,,,,,,
2026-02-06,Friday,Spoto Press,130.1,5,5,172.8,407,68,89,60,35,,,,,,,,,,,,,
2026-02-06,Friday,Spoto Press,130.1,6,5,177.3,407,68,89,60,35,,,,,,,,,,,,,
2026-02-06,Friday,Spoto Press,130.1,6,5,177.3,407,68,89,60,35,,,,,,,,,,,,,
2026-02-06,Friday,Comp Squat,225.1,6,5,306.7,407,68,89,60,35,,,,,,,,,,,,,
2026-02-06,Friday,Comp Squat,225.1,6,5,306.7,407,68,89,60,35,,,,,,,,,,,,,
2026-02-06,Friday,Comp Squat,225.1,6,5,306.7,407,68,89,60,35,,,,,,,,,,,,,
2026-02-06,Friday,Comp Squat,225.1,6,5,306.7,407,68,89,60,35,,,,,,,,,,,,,
2026-02-03,Tuesday,SSB Squat,145.1,6,5,197.5,333,63,71,54,62,,,,,,,,,,,,,
2026-02-03,Tuesday,SSB Squat,145.1,6,5,197.5,333,63,71,54,62,,,,,,,,,,,,,
2026-02-03,Tuesday,SSB Squat,145.1,6,5,197.5,333,63,71,54,62,,,,,,,,,,,,,
2026-02-03,Tuesday,SSB Squat,145.1,6,5,197.5,333,63,71,54,62,,,,,,,,,,,,,
2026-02-03,Tuesday,SSB Squat,145.1,6,5,197.5,333,63,71,54,62,,,,,,,,,,,,,
2026-02-03,Tuesday,Conventional Deadlift,205,5,5,272.7,333,63,71,54,62,,,,,,,,,,,,,
2026-02-03,Tuesday,Conventional Deadlift,205,5,5,272.7,333,63,71,54,62,,,,,,,,,,,,,
2026-02-03,Tuesday,Conventional Deadlift,205,5,5,272.7,333,63,71,54,62,,,,,,,,,,,,,
2026-02-03,Tuesday,Conventional Deadlift,205,6,5,279.3,333,63,71,54,62,,,,,,,,,,,,,
2026-02-03,Tuesday,Conventional Deadlift,205,6,5,279.3,333,63,71,54,62,,,,,,,,,,,,,
2026-02-03,Tuesday,Comp Bench,110,5,5,146.4,333,63,71,54,62,,,,,,,,,,,,,
2026-02-03,Tuesday,Comp Bench,110,5,5,146.4,333,63,71,54,62,,,,,,,,,,,,,
2026-02-03,Tuesday,Comp Bench,110,5,5,146.4,333,63,71,54,62,,,,,,,,,,,,,
2026-02-03,Tuesday,Comp Bench,110,6,5,149.9,333,63,71,54,62,,,,,,,,,,,,,
2026-02-03,Tuesday,Comp Bench,110,6,5,149.9,333,63,71,54,62,,,,,,,,,,,,,
2026-02-03,Tuesday,Comp Bench,110,6,5,149.9,333,63,71,54,62,,,,,,,,,,,,,
2026-02-01,Sunday,Comp Squat,175,6,5.5,235.7,526,52,143,59,50,,,,,,,,,,,,,
2026-02-01,Sunday,Comp Squat,175,6,5.5,235.7,526,52,143,59,50,,,,,,,,,,,,,
2026-02-01,Sunday,Comp Squat,175,6,5.5,235.7,526,52,143,59,50,,,,,,,,,,,,,
2026-02-01,Sunday,Comp Squat,175,6,5.5,235.7,526,52,143,59,50,,,,,,,,,,,,,
2026-02-01,Sunday,Comp Squat,175,6,5.5,235.7,526,52,143,59,50,,,,,,,,,,,,,
2026-01-30,Friday,Pause Below the Knee Conv Deadlift,220,5,7,278,405,32,104,56,50,,,,,,,,,,,,,
2026-01-30,Friday,Pause Below the Knee Conv Deadlift,220,5,7,278,405,32,104,56,50,,,,,,,,,,,,,
2026-01-30,Friday,Pause Below the Knee Conv Deadlift,220,5,7,278,405,32,104,56,50,,,,,,,,,,,,,
2026-01-30,Friday,Pause Below the Knee Conv Deadlift,220,5,7,278,405,32,104,56,50,,,,,,,,,,,,,
2026-01-30,Friday,Incline Bench,115.1,5,6,149.3,405,32,104,56,50,,,,,,,,,,,,,
2026-01-30,Friday,Incline Bench,115.1,5,6,149.3,405,32,104,56,50,,,,,,,,,,,,,
2026-01-30,Friday,Incline Bench,115.1,5,6,149.3,405,32,104,56,50,,,,,,,,,,,,,
2026-01-30,Friday,Incline Bench,115.1,6,6,153,405,32,104,56,50,,,,,,,,,,,,,
2026-01-30,Friday,Incline Bench,115.1,6,6,153,405,32,104,56,50,,,,,,,,,,,,,
2026-01-29,Thursday,Spoto Press,100.1,5,5,132.9,293,41,51,57,46,,,,,,,,,,,,,
2026-01-29,Thursday,Spoto Press,100.1,5,5,132.9,293,41,51,57,46,,,,,,,,,,,,,
2026-01-29,Thursday,Spoto Press,100.1,5,5,132.9,293,41,51,57,46,,,,,,,,,,,,,
2026-01-29,Thursday,Spoto Press,100.1,6,5,136.2,293,41,51,57,46,,,,,,,,,,,,,
2026-01-29,Thursday,Spoto Press,100.1,6,5,136.2,293,41,51,57,46,,,,,,,,,,,,,
2026-01-29,Thursday,Spoto Press,100.1,6,5,136.2,293,41,51,57,46,,,,,,,,,,,,,
2026-01-29,Thursday,Front Squat,115.1,5,6,149.3,293,41,51,57,46,,,,,,,,,,,,,
2026-01-29,Thursday,Front Squat,115.1,6,6,153,293,41,51,57,46,,,,,,,,,,,,,
2026-01-29,Thursday,Front Squat,115.1,6,6,153,293,41,51,57,46,,,,,,,,,,,,,
2026-01-29,Thursday,Front Squat,115.1,6,6,153,293,41,51,57,46,,,,,,,,,,,,,
2026-01-29,Thursday,Front Squat,115.1,6,7.5,147.3,293,41,51,57,46,,,,,,,,,,,,,
2026-01-27,Tuesday,SSB Squat,190,3,5.5,237,360,41,66,51,77,,,,,,,,,,,,,
2026-01-27,Tuesday,SSB Squat,190,4,5.5,243.4,360,41,66,51,77,,,,,,,,,,,,,
2026-01-27,Tuesday,SSB Squat,190,6,6,252.6,360,41,66,51,77,,,,,,,,,,,,,
2026-01-27,Tuesday,SSB Squat,190,6,6,252.6,360,41,66,51,77,,,,,,,,,,,,,
2026-01-27,Tuesday,Conventional Deadlift,259.9,5,6,337.3,360,41,66,51,77,,,,,,,,,,,,,
2026-01-27,Tuesday,Conventional Deadlift,259.9,5,6,337.3,360,41,66,51,77,,,,,,,,,,,,,
2026-01-27,Tuesday,Conventional Deadlift,259.9,6,7,337.3,360,41,66,51,77,,,,,,,,,,,,,
2026-01-27,Tuesday,Conventional Deadlift,259.9,5,7,328.7,360,41,66,51,77,,,,,,,,,,,,,
2026-01-27,Tuesday,Comp Bench,145.1,4,6,183.2,360,41,66,51,77,,,,,,,,,,,,,
2026-01-27,Tuesday,Comp Bench,145.1,5,6,188.1,360,41,66,51,77,,,,,,,,,,,,,
2026-01-27,Tuesday,Comp Bench,145.1,5,6,188.1,360,41,66,51,77,,,,,,,,,,,,,
2026-01-27,Tuesday,Comp Bench,145.1,6,6,192.9,360,41,66,51,77,,,,,,,,,,,,,
2026-01-27,Tuesday,Comp Bench,145.1,6,6,192.9,360,41,66,51,77,,,,,,,,,,,,,
2026-01-23,Friday,High Bar Squat,179.9,6,7,233.5,364,35,73,53,56,,,,,,,,,,,,,
2026-01-23,Friday,High Bar Squat,179.9,6,7,233.5,364,35,73,53,56,,,,,,,,,,,,,
2026-01-23,Friday,High Bar Squat,179.9,6,7,233.5,364,35,73,53,56,,,,,,,,,,,,,
2025-12-27,Saturday,Squat,220.5,5,5,293.2,587,62,147,51,75,,,,,,,,,,,,,
2025-12-27,Saturday,Squat,220.5,5,5,293.2,587,62,147,51,75,,,,,,,,,,,,,
2025-12-27,Saturday,Squat,220.5,5,5,293.2,587,62,147,51,75,,,,,,,,,,,,,
2025-12-27,Saturday,Deadlift,286.6,4,4,379.2,587,62,147,51,75,,,,,,,,,,,,,
2025-12-27,Saturday,Deadlift,286.6,4,4,379.2,587,62,147,51,75,,,,,,,,,,,,,
2025-12-27,Saturday,Deadlift,286.6,4,4,379.2,587,62,147,51,75,,,,,,,,,,,,,
2025-12-26,Friday,Bench Press,143.3,5,4,200.6,82,13,11,46.1,56,,,,,,,,,,,,,
2025-12-26,Friday,Bench Press,143.3,5,4,200.6,82,13,11,46.1,56,,,,,,,,,,,,,
2025-12-26,Friday,Bench Press,143.3,5,4,200.6,82,13,11,46.1,56,,,,,,,,,,,,,
2025-12-26,Friday,Bench Press,143.3,5,4,200.6,82,13,11,46.1,56,,,,,,,,,,,,,
2025-12-24,Wednesday,Long Pause Bench,132.3,4,,,554,51,107,51,81,,,,,,,,,,,,,
2025-12-24,Wednesday,Long Pause Bench,132.3,4,,,554,51,107,51,81,,,,,,,,,,,,,
2025-12-24,Wednesday,Long Pause Bench,132.3,4,,,554,51,107,51,81,,,,,,,,,,,,,
2025-12-24,Wednesday,Long Pause Bench,132.3,4,,,554,51,107,51,81,,,,,,,,,,,,,
2025-12-20,Saturday,Squat,325.2,1,7.5,350.5,602,96,149,53,60,,,,,,,,,,,,,
2025-12-20,Saturday,Deadlift,424.4,1,8.5,443.1,602,96,149,53,60,,,,,,,,,,,,,
2025-12-20,Saturday,Bench Press,215,1,9.5,218.3,602,96,149,53,60,,,,,,,,,,,,,
2025-12-17,Wednesday,Long Pause Bench,159.8,2,4,198.4,790,88,178,55,50.9,,,,,,,,,,,,,
2025-12-17,Wednesday,Long Pause Bench,159.8,2,4,198.4,790,88,178,55,50.9,,,,,,,,,,,,,
2025-12-17,Wednesday,Long Pause Bench,159.8,2,4,198.4,790,88,178,55,50.9,,,,,,,,,,,,,
2025-12-16,Tuesday,Pause Squat,242.5,2,4,304.2,335,20,66,48,81,,,,,,,,,,,,,
2025-12-16,Tuesday,Pause Squat,242.5,2,4,304.2,335,20,66,48,81,,,,,,,,,,,,,
2025-12-16,Tuesday,Pause Squat,242.5,2,4,304.2,335,20,66,48,81,,,,,,,,,,,,,
2025-12-16,Tuesday,Deadlift,330.7,2,4,410.1,335,20,66,48,81,,,,,,,,,,,,,
2025-12-16,Tuesday,Deadlift,330.7,2,4,410.1,335,20,66,48,81,,,,,,,,,,,,,
2025-12-16,Tuesday,Deadlift,330.7,2,4,410.1,335,20,66,48,81,,,,,,,,,,,,,
2025-12-15,Monday,Touch and Go Bench,176.4,4,4,231.5,588,66,173,47,100,,,,,,,,,,,,,
2025-12-15,Monday,Touch and Go Bench,176.4,4,4,231.5,588,66,173,47,100,,,,,,,,,,,,,
2025-12-15,Monday,Touch and Go Bench,176.4,4,4,231.5,588,66,173,47,100,,,,,,,,,,,,,
2025-12-15,Monday,Touch and Go Bench,176.4,4,4,231.5,588,66,173,47,100,,,,,,,,,,,,,
2025-12-13,Saturday,Squat,319.7,1,7,350.5,641,46,113,54.7,54,,,,,,,,,,,,,
2025-12-13,Saturday,Squat,292.1,2,7,328.5,641,46,113,54.7,54,,,,,,,,,,,,,
2025-12-13,Saturday,Squat,292.1,2,7,328.5,641,46,113,54.7,54,,,,,,,,,,,,,
2025-12-13,Saturday,Squat,292.1,2,6,337.3,641,46,113,54.7,54,,,,,,,,,,,,,
2025-12-13,Saturday,Squat,292.1,2,6,337.3,641,46,113,54.7,54,,,,,,,,,,,,,
2025-12-13,Saturday,Deadlift,402.3,1,7,443.1,641,46,113,54.7,54,,,,,,,,,,,,,
2025-12-13,Saturday,Deadlift,369.3,2,5,445.3,641,46,113,54.7,54,,,,,,,,,,,,,
2025-12-13,Saturday,Deadlift,369.3,2,5,445.3,641,46,113,54.7,54,,,,,,,,,,,,,
2025-12-13,Saturday,Deadlift,369.3,2,5,445.3,641,46,113,54.7,54,,,,,,,,,,,,,
2025-12-12,Friday,Bench Press,209.4,1,8.5,220.5,336,21,66,51,58,,,,,,,,,,,,,
2025-12-12,Friday,Bench Press,187.4,2,6,216.1,336,21,66,51,58,,,,,,,,,,,,,
2025-12-12,Friday,Bench Press,187.4,2,6,216.1,336,21,66,51,58,,,,,,,,,,,,,
2025-12-12,Friday,Bench Press,187.4,2,6,216.1,336,21,66,51,58,,,,,,,,,,,,,
2025-12-12,Friday,Bench Press,187.4,2,6,216.1,336,21,66,51,58,,,,,,,,,,,,,
2025-12-12,Friday,Bench Press,187.4,2,6,216.1,336,21,66,51,58,,,,,,,,,,,,,
2025-12-12,Friday,Bench Press,187.4,2,6,216.1,336,21,66,51,58,,,,,,,,,,,,,
2025-12-10,Wednesday,Long Pause Bench,159.8,4,5,205,546,46,132,51,70,,,,,,,,,,,,,
2025-12-10,Wednesday,Long Pause Bench,159.8,4,5,205,546,46,132,51,70,,,,,,,,,,,,,
2025-12-10,Wednesday,Long Pause Bench,159.8,4,5,205,546,46,132,51,70,,,,,,,,,,,,,
2025-12-10,Wednesday,Long Pause Bench,159.8,4,5,205,546,46,132,51,70,,,,,,,,,,,,,
2025-12-09,Tuesday,Pause Squat,242.5,3,5,304.2,408,19,64,52,74,,,,,,,,,,,,,
2025-12-09,Tuesday,Pause Squat,242.5,3,5,304.2,408,19,64,52,74,,,,,,,,,,,,,
2025-12-09,Tuesday,Pause Squat,242.5,3,5,304.2,408,19,64,52,74,,,,,,,,,,,,,
2025-12-09,Tuesday,Pause Squat,242.5,3,5,304.2,408,19,64,52,74,,,,,,,,,,,,,
2025-12-09,Tuesday,Deadlift,330.7,3,4,425.5,408,19,64,52,74,,,,,,,,,,,,,
2025-12-09,Tuesday,Deadlift,330.7,3,4,425.5,408,19,64,52,74,,,,,,,,,,,,,
2025-12-09,Tuesday,Deadlift,330.7,3,5,410.1,408,19,64,52,74,,,,,,,,,,,,,
2025-12-09,Tuesday,Deadlift,330.7,3,5,410.1,408,19,64,52,74,,,,,,,,,,,,,
2025-12-08,Monday,Touch and Go Bench,176.4,5,5,231.5,702,93,154,53.2,62.6,,,,,,,,,,,,,
2025-12-08,Monday,Touch and Go Bench,176.4,5,5,231.5,702,93,154,53.2,62.6,,,,,,,,,,,,,
2025-12-08,Monday,Touch and Go Bench,176.4,5,5,231.5,702,93,154,53.2,62.6,,,,,,,,,,,,,
2025-12-08,Monday,Touch and Go Bench,176.4,5,5,231.5,702,93,154,53.2,62.6,,,,,,,,,,,,,
2025-12-08,Monday,Touch and Go Bench,176.4,5,5,231.5,702,93,154,53.2,62.6,,,,,,,,,,,,,
2025-12-06,Saturday,Squat,308.6,1,6,350.5,801,40,190,54,59.7,,,,,,,,,,,,,
2025-12-06,Saturday,Squat,286.6,2,6,330.7,801,40,190,54,59.7,,,,,,,,,,,,,
2025-12-06,Saturday,Squat,286.6,2,6,330.7,801,40,190,54,59.7,,,,,,,,,,,,,
2025-12-06,Saturday,Squat,286.6,2,6,330.7,801,40,190,54,59.7,,,,,,,,,,,,,
2025-12-06,Saturday,Squat,286.6,2,6,330.7,801,40,190,54,59.7,,,,,,,,,,,,,
2025-12-06,Saturday,Deadlift,402.3,1,9,412.3,801,40,190,54,59.7,,,,,,,,,,,,,
2025-12-06,Saturday,Deadlift,358.3,2,6,416.7,801,40,190,54,59.7,,,,,,,,,,,,,
2025-12-06,Saturday,Deadlift,358.3,2,6,416.7,801,40,190,54,59.7,,,,,,,,,,,,,
2025-12-06,Saturday,Deadlift,358.3,2,6,416.7,801,40,190,54,59.7,,,,,,,,,,,,,
2025-12-05,Friday,Bench Press,203.9,1,8,218.3,399,42,107,50,66,,,,,,,,,,,,,
2025-12-05,Friday,Bench Press,181.9,3,7,209.4,399,42,107,50,66,,,,,,,,,,,,,
2025-12-05,Friday,Bench Press,181.9,3,7,209.4,399,42,107,50,66,,,,,,,,,,,,,
2025-12-05,Friday,Bench Press,181.9,3,7,209.4,399,42,107,50,66,,,,,,,,,,,,,
2025-12-05,Friday,Bench Press,181.9,3,7,209.4,399,42,107,50,66,,,,,,,,,,,,,
2025-12-05,Friday,Bench Press,181.9,3,7,,399,42,107,50,66,,,,,,,,,,,,,
2025-12-03,Wednesday,Long Pause Bench,159.8,4,5,205,456,41,57,55.1,54.3,,,,,,,,,,,,,
2025-12-03,Wednesday,Long Pause Bench,159.8,4,5,205,456,41,57,55.1,54.3,,,,,,,,,,,,,
2025-12-03,Wednesday,Long Pause Bench,159.8,4,5,205,456,41,57,55.1,54.3,,,,,,,,,,,,,
2025-12-03,Wednesday,Long Pause Bench,159.8,4,5,205,456,41,57,55.1,54.3,,,,,,,,,,,,,
2025-12-02,Tuesday,Pause Squat,242.5,3,4,315.3,285,24,36,51,54,,,,,,,,,,,,,
2025-12-02,Tuesday,Pause Squat,242.5,3,4,315.3,285,24,36,51,54,,,,,,,,,,,,,
2025-12-02,Tuesday,Pause Squat,242.5,3,5,304.2,285,24,36,51,54,,,,,,,,,,,,,
2025-12-02,Tuesday,Pause Squat,242.5,3,5,304.2,285,24,36,51,54,,,,,,,,,,,,,
2025-12-02,Tuesday,Deadlift,330.7,3,4,425.5,285,24,36,51,54,,,,,,,,,,,,,
2025-12-02,Tuesday,Deadlift,330.7,3,4,425.5,285,24,36,51,54,,,,,,,,,,,,,
2025-12-02,Tuesday,Deadlift,330.7,3,4,425.5,285,24,36,51,54,,,,,,,,,,,,,
2025-12-02,Tuesday,Deadlift,330.7,3,4,425.5,285,24,36,51,54,,,,,,,,,,,,,
2025-12-01,Monday,Touch and Go Bench,176.4,5,5,231.5,526,41,139,50,66,,,,,,,,,,,,,
2025-12-01,Monday,Touch and Go Bench,176.4,5,5,231.5,526,41,139,50,66,,,,,,,,,,,,,
2025-12-01,Monday,Touch and Go Bench,176.4,5,5,231.5,526,41,139,50,66,,,,,,,,,,,,,
2025-12-01,Monday,Touch and Go Bench,176.4,5,5,231.5,526,41,139,50,66,,,,,,,,,,,,,
2025-11-29,Saturday,Squat,303.1,1,6,341.7,470,58,129,50,71.7,,,,,,,,,,,,,
2025-11-29,Saturday,Squat,275.6,3,6,330.7,470,58,129,50,71.7,,,,,,,,,,,,,
2025-11-29,Saturday,Squat,275.6,3,6,330.7,470,58,129,50,71.7,,,,,,,,,,,,,
2025-11-29,Saturday,Squat,275.6,3,6,330.7,470,58,129,50,71.7,,,,,,,,,,,,,
2025-11-29,Saturday,Deadlift,391.3,1,6,440.9,470,58,129,50,71.7,,,,,,,,,,,,,
2025-11-29,Saturday,Deadlift,358.3,2,5,432.1,470,58,129,50,71.7,,,,,,,,,,,,,
2025-11-29,Saturday,Deadlift,358.3,2,5,432.1,470,58,129,50,71.7,,,,,,,,,,,,,
2025-11-29,Saturday,Deadlift,358.3,2,5,432.1,470,58,129,50,71.7,,,,,,,,,,,,,
2025-11-28,Friday,Bench Press,198.4,1,7,218.3,704,80,165,52.1,68.7,,,,,,,,,,,,,
2025-11-28,Friday,Bench Press,176.4,4,6,218.3,704,80,165,52.1,68.7,,,,,,,,,,,,,
2025-11-28,Friday,Bench Press,176.4,4,6,218.3,704,80,165,52.1,68.7,,,,,,,,,,,,,
2025-11-28,Friday,Bench Press,176.4,4,6,218.3,704,80,165,52.1,68.7,,,,,,,,,,,,,
2025-11-28,Friday,Bench Press,176.4,4,6,218.3,704,80,165,52.1,68.7,,,,,,,,,,,,,
2025-11-26,Wednesday,Long Pause Bench,159.8,4,6,198.4,651,65,151,54.5,58.4,,,,,,,,,,,,,
2025-11-26,Wednesday,Long Pause Bench,159.8,4,6,198.4,651,65,151,54.5,58.4,,,,,,,,,,,,,
2025-11-26,Wednesday,Long Pause Bench,159.8,4,6,198.4,651,65,151,54.5,58.4,,,,,,,,,,,,,
2025-11-25,Tuesday,Pause Squat,242.5,3,5,304.2,362,21,56,56,58,,,,,,,,,,,,,
2025-11-25,Tuesday,Pause Squat,242.5,3,5,304.2,362,21,56,56,58,,,,,,,,,,,,,
2025-11-25,Tuesday,Pause Squat,242.5,3,5,304.2,362,21,56,56,58,,,,,,,,,,,,,
2025-11-25,Tuesday,Deadlift,319.7,4,5,412.3,362,21,56,56,58,,,,,,,,,,,,,
2025-11-25,Tuesday,Deadlift,319.7,4,5,412.3,362,21,56,56,58,,,,,,,,,,,,,
2025-11-25,Tuesday,Deadlift,319.7,4,5,412.3,362,21,56,56,58,,,,,,,,,,,,,
2025-11-24,Monday,Touch and Go Bench,176.4,5,6.5,220.5,687,106,176,48.7,82,,,,,,,,,,,,,
2025-11-24,Monday,Touch and Go Bench,176.4,5,6.5,220.5,687,106,176,48.7,82,,,,,,,,,,,,,
2025-11-24,Monday,Touch and Go Bench,176.4,5,6.5,220.5,687,106,176,48.7,82,,,,,,,,,,,,,
2025-11-24,Monday,Touch and Go Bench,176.4,5,6,224.9,687,106,176,48.7,82,,,,,,,,,,,,,
2025-11-22,Saturday,Squat,308.6,1,7,337.3,472,58,77,56.4,48.4,,,,,,,,,,,,,
2025-11-22,Saturday,Squat,275.6,2,5,330.7,472,58,77,56.4,48.4,,,,,,,,,,,,,
2025-11-22,Saturday,Squat,275.6,2,5,330.7,472,58,77,56.4,48.4,,,,,,,,,,,,,
2025-11-22,Saturday,Squat,275.6,2,5,330.7,472,58,77,56.4,48.4,,,,,,,,,,,,,
2025-11-22,Saturday,Deadlift,402.3,1,6,454.2,472,58,77,56.4,48.4,,,,,,,,,,,,,
2025-11-22,Saturday,Deadlift,352.7,2,4,440.9,472,58,77,56.4,48.4,,,,,,,,,,,,,
2025-11-22,Saturday,Deadlift,352.7,2,4,440.9,472,58,77,56.4,48.4,,,,,,,,,,,,,
2025-11-21,Friday,Bench Press,203.9,1,8.5,216.1,376,37,75,52,57,,,,,,,,,,,,,
2025-11-21,Friday,Bench Press,176.4,3,5,218.3,376,37,75,52,57,,,,,,,,,,,,,
2025-11-21,Friday,Bench Press,176.4,3,5,218.3,376,37,75,52,57,,,,,,,,,,,,,
2025-11-21,Friday,Bench Press,176.4,3,5,218.3,376,37,75,52,57,,,,,,,,,,,,,
2025-11-19,Wednesday,Long Pause Bench,159.8,3,4,205,531,75,123,54.5,47,,,,,,,,,,,,,
2025-11-19,Wednesday,Long Pause Bench,159.8,3,4,205,531,75,123,54.5,47,,,,,,,,,,,,,
2025-11-19,Wednesday,Long Pause Bench,159.8,3,4,205,531,75,123,54.5,47,,,,,,,,,,,,,
2025-11-18,Tuesday,Pause Squat,242.5,2,3,315.3,410,37,112,49,72,,,,,,,,,,,,,
2025-11-18,Tuesday,Pause Squat,242.5,2,3,315.3,410,37,112,49,72,,,,,,,,,,,,,
2025-11-18,Tuesday,Deadlift,319.7,3,3,427.7,410,37,112,49,72,,,,,,,,,,,,,
2025-11-18,Tuesday,Deadlift,319.7,3,3,427.7,410,37,112,49,72,,,,,,,,,,,,,
2025-11-17,Monday,Touch and Go Bench,176.4,4,5,224.9,507,62,124,50.9,62.5,,,,,,,,,,,,,
2025-11-17,Monday,Touch and Go Bench,176.4,4,5,224.9,507,62,124,50.9,62.5,,,,,,,,,,,,,
2025-11-17,Monday,Touch and Go Bench,176.4,4,5,224.9,507,62,124,50.9,62.5,,,,,,,,,,,,,
2025-11-17,Monday,Touch and Go Bench,176.4,4,5,224.9,507,62,124,50.9,62.5,,,,,,,,,,,,,
2025-11-15,Saturday,Squat,303.1,1,8,321.9,778,84,196,54.5,54.3,,,,,,,,,,,,,
2025-11-15,Saturday,Squat,275.6,3,5,341.7,778,84,196,54.5,54.3,,,,,,,,,,,,,
2025-11-15,Saturday,Squat,275.6,3,5,341.7,778,84,196,54.5,54.3,,,,,,,,,,,,,
2025-11-15,Saturday,Squat,275.6,3,5,341.7,778,84,196,54.5,54.3,,,,,,,,,,,,,
2025-11-15,Saturday,Squat,275.6,3,5,341.7,778,84,196,54.5,54.3,,,,,,,,,,,,,
2025-11-15,Saturday,Deadlift,391.3,1,7,425.5,778,84,196,54.5,54.3,,,,,,,,,,,,,
2025-11-15,Saturday,Deadlift,352.7,3,7,412.3,778,84,196,54.5,54.3,,,,,,,,,,,,,
2025-11-15,Saturday,Deadlift,352.7,3,6,425.5,778,84,196,54.5,54.3,,,,,,,,,,,,,
2025-11-15,Saturday,Deadlift,352.7,3,6,425.5,778,84,196,54.5,54.3,,,,,,,,,,,,,
2025-11-14,Friday,Bench Press,198.4,1,7,218.3,305,20,64,52,50,,,,,,,,,,,,,
2025-11-14,Friday,Bench Press,176.4,4,7,209.4,305,20,64,52,50,,,,,,,,,,,,,
2025-11-14,Friday,Bench Press,176.4,4,7,209.4,305,20,64,52,50,,,,,,,,,,,,,
2025-11-14,Friday,Bench Press,176.4,4,7,209.4,305,20,64,52,50,,,,,,,,,,,,,
2025-11-14,Friday,Bench Press,176.4,4,6,218.3,305,20,64,52,50,,,,,,,,,,,,,
2025-11-12,Wednesday,Long Pause Bench,165.3,4,5,211.6,555,57,150,57.2,46.3,,,,,,,,,,,,,
2025-11-12,Wednesday,Long Pause Bench,165.3,4,5,211.6,555,57,150,57.2,46.3,,,,,,,,,,,,,
2025-11-12,Wednesday,Long Pause Bench,165.3,4,5,211.6,555,57,150,57.2,46.3,,,,,,,,,,,,,
2025-11-12,Wednesday,Long Pause Bench,165.3,4,5,211.6,555,57,150,57.2,46.3,,,,,,,,,,,,,
2025-11-12,Wednesday,Long Pause Bench,165.3,4,5,211.6,555,57,150,57.2,46.3,,,,,,,,,,,,,
2025-11-11,Tuesday,Pause Squat,242.5,3,5,304.2,324,41,62,52,58,,,,,,,,,,,,,
2025-11-11,Tuesday,Pause Squat,242.5,3,5,304.2,324,41,62,52,58,,,,,,,,,,,,,
2025-11-11,Tuesday,Pause Squat,242.5,3,5,304.2,324,41,62,52,58,,,,,,,,,,,,,
2025-11-11,Tuesday,Deadlift,325.2,4,5,416.7,324,41,62,52,58,,,,,,,,,,,,,
2025-11-11,Tuesday,Deadlift,325.2,4,5,416.7,324,41,62,52,58,,,,,,,,,,,,,
2025-11-11,Tuesday,Deadlift,325.2,4,5,416.7,324,41,62,52,58,,,,,,,,,,,,,
2025-11-10,Monday,Touch and Go Bench,176.4,5,5,231.5,710,52,176,56,51,,,,,,,,,,,,,
2025-11-10,Monday,Touch and Go Bench,176.4,5,5,231.5,710,52,176,56,51,,,,,,,,,,,,,
2025-11-10,Monday,Touch and Go Bench,176.4,5,5,231.5,710,52,176,56,51,,,,,,,,,,,,,
2025-11-10,Monday,Touch and Go Bench,176.4,5,5,231.5,710,52,176,56,51,,,,,,,,,,,,,
2025-11-10,Monday,Touch and Go Bench,176.4,5,5,231.5,710,52,176,56,51,,,,,,,,,,,,,
2025-11-08,Saturday,Squat,292.1,1,5.5,332.9,623,77,162,55,50.9,,,,,,,,,,,,,
2025-11-08,Saturday,Squat,270.1,3,5,335.1,623,77,162,55,50.9,,,,,,,,,,,,,
2025-11-08,Saturday,Squat,270.1,3,5,335.1,623,77,162,55,50.9,,,,,,,,,,,,,
2025-11-08,Saturday,Squat,270.1,3,5,335.1,623,77,162,55,50.9,,,,,,,,,,,,,
2025-11-08,Saturday,Squat,270.1,3,5,335.1,623,77,162,55,50.9,,,,,,,,,,,,,
2025-11-08,Saturday,Deadlift,380.3,1,5,443.1,623,77,162,55,50.9,,,,,,,,,,,,,
2025-11-08,Saturday,Deadlift,341.7,3,5,423.3,623,77,162,55,50.9,,,,,,,,,,,,,
2025-11-08,Saturday,Deadlift,341.7,3,5,423.3,623,77,162,55,50.9,,,,,,,,,,,,,
2025-11-08,Saturday,Deadlift,341.7,3,5,423.3,623,77,162,55,50.9,,,,,,,,,,,,,
2025-11-07,Friday,Bench Press,192.9,1,7.5,209.4,371,37,65,55,41,,,,,,,,,,,,,
2025-11-07,Friday,Bench Press,170.9,4,6,209.4,371,37,65,55,41,,,,,,,,,,,,,
2025-11-07,Friday,Bench Press,170.9,4,6,209.4,371,37,65,55,41,,,,,,,,,,,,,
2025-11-07,Friday,Bench Press,170.9,4,6,209.4,371,37,65,55,41,,,,,,,,,,,,,
2025-11-07,Friday,Bench Press,170.9,4,6,209.4,371,37,65,55,41,,,,,,,,,,,,,
2025-11-05,Wednesday,Long Pause Bench,159.8,4,5,205,572,72,132,55.8,43.3,,,,,,,,,,,,,
2025-11-05,Wednesday,Long Pause Bench,159.8,4,5,205,572,72,132,55.8,43.3,,,,,,,,,,,,,
2025-11-05,Wednesday,Long Pause Bench,159.8,4,5,205,572,72,132,55.8,43.3,,,,,,,,,,,,,
2025-11-05,Wednesday,Long Pause Bench,159.8,4,5,205,572,72,132,55.8,43.3,,,,,,,,,,,,,
2025-11-05,Wednesday,Long Pause Bench,159.8,4,5,205,572,72,132,55.8,43.3,,,,,,,,,,,,,
2025-11-04,Tuesday,Pause Squat,237,3,5,293.2,459,47,96,56.1,48.1,,,,,,,,,,,,,
2025-11-04,Tuesday,Pause Squat,237,3,5,293.2,459,47,96,56.1,48.1,,,,,,,,,,,,,
2025-11-04,Tuesday,Pause Squat,237,3,5,293.2,459,47,96,56.1,48.1,,,,,,,,,,,,,
2025-11-04,Tuesday,Deadlift,319.7,4,5,412.3,459,47,96,56.1,48.1,,,,,,,,,,,,,
2025-11-04,Tuesday,Deadlift,319.7,4,5,412.3,459,47,96,56.1,48.1,,,,,,,,,,,,,
2025-11-04,Tuesday,Deadlift,319.7,4,5,412.3,459,47,96,56.1,48.1,,,,,,,,,,,,,
2025-11-01,Saturday,Squat,292.1,1,6,328.5,485,75,68,57.8,39,,,,,,,,,,,,,
2025-11-01,Saturday,Squat,259,3,5,321.9,485,75,68,57.8,39,,,,,,,,,,,,,
2025-11-01,Saturday,Squat,259,3,5,321.9,485,75,68,57.8,39,,,,,,,,,,,,,
2025-11-01,Saturday,Squat,259,3,5,321.9,485,75,68,57.8,39,,,,,,,,,,,,,
2025-11-01,Saturday,Squat,259,3,5,321.9,485,75,68,57.8,39,,,,,,,,,,,,,
2025-11-01,Saturday,Deadlift,380.3,1,6,427.7,485,75,68,57.8,39,,,,,,,,,,,,,
2025-11-01,Saturday,Deadlift,330.7,3,5,410.1,485,75,68,57.8,39,,,,,,,,,,,,,
2025-11-01,Saturday,Deadlift,330.7,3,5,410.1,485,75,68,57.8,39,,,,,,,,,,,,,
2025-11-01,Saturday,Deadlift,330.7,3,5,410.1,485,75,68,57.8,39,,,,,,,,,,,,,
2025-10-31,Friday,Bench Press,192.9,1,6,220.5,315,26,48,56,42,,,,,,,,,,,,,
2025-10-31,Friday,Bench Press,165.3,4,5,211.6,315,26,48,56,42,,,,,,,,,,,,,
2025-10-31,Friday,Bench Press,165.3,4,5,211.6,315,26,48,56,42,,,,,,,,,,,,,
2025-10-31,Friday,Bench Press,165.3,4,5,211.6,315,26,48,56,42,,,,,,,,,,,,,
2025-10-31,Friday,Bench Press,165.3,4,5,211.6,315,26,48,56,42,,,,,,,,,,,,,
2025-10-29,Wednesday,Long Pause Bench,159.8,4,5,205,380,32,59,54,48,,,,,,,,,,,,,
2025-10-29,Wednesday,Long Pause Bench,159.8,4,5,205,380,32,59,54,48,,,,,,,,,,,,,
2025-10-29,Wednesday,Long Pause Bench,159.8,4,5,205,380,32,59,54,48,,,,,,,,,,,,,
2025-10-29,Wednesday,Long Pause Bench,159.8,4,5,205,380,32,59,54,48,,,,,,,,,,,,,
2025-10-29,Wednesday,Long Pause Bench,159.8,4,5,205,380,32,59,54,48,,,,,,,,,,,,,
2025-10-28,Tuesday,Pause Squat,242.5,2,4,304.2,320,4,64,49,70,,,,,,,,,,,,,
2025-10-28,Tuesday,Pause Squat,242.5,2,4,304.2,320,4,64,49,70,,,,,,,,,,,,,
2025-10-28,Tuesday,Deadlift,319.7,3,5,396.8,320,4,64,49,70,,,,,,,,,,,,,
2025-10-28,Tuesday,Deadlift,,,,,320,4,64,49,70,,,,,,,,,,,,,
2025-10-27,Monday,Touch and Go Bench,176.4,4,5,224.9,659,70,154,53,55.7,,,,,,,,,,,,,
2025-10-27,Monday,Touch and Go Bench,176.4,4,5,224.9,659,70,154,53,55.7,,,,,,,,,,,,,
2025-10-27,Monday,Touch and Go Bench,176.4,4,5,224.9,659,70,154,53,55.7,,,,,,,,,,,,,
2025-10-27,Monday,Touch and Go Bench,176.4,4,5,224.9,659,70,154,53,55.7,,,,,,,,,,,,,
2025-10-25,Saturday,Squat,286.6,2,5,341.7,673,111,178,49,70.3,,,,,,,,,,,,,
2025-10-25,Saturday,Squat,286.6,2,6,330.7,673,111,178,49,70.3,,,,,,,,,,,,,
2025-10-25,Saturday,Squat,286.6,6,10,330.7,673,111,178,49,70.3,,,,,,,,,,,,,
2025-10-25,Saturday,Deadlift,374.8,2,5,449.7,673,111,178,49,70.3,,,,,,,,,,,,,
2025-10-25,Saturday,Deadlift,374.8,6,10,434.3,673,111,178,49,70.3,,,,,,,,,,,,,
2025-10-24,Friday,Bench Press,187.4,2,5,222.7,718,74,167,53.2,66.6,,,,,,,,,,,,,
2025-10-24,Friday,Bench Press,187.4,2,5,222.7,718,74,167,53.2,66.6,,,,,,,,,,,,,
2025-10-24,Friday,Bench Press,187.4,6,10,216.1,718,74,167,53.2,66.6,,,,,,,,,,,,,
2025-10-22,Wednesday,Long Pause Bench,159.8,3,4,205,475,46,128,55.3,50.2,,,,,,,,,,,,,
2025-10-22,Wednesday,Long Pause Bench,159.8,3,4,205,475,46,128,55.3,50.2,,,,,,,,,,,,,
2025-10-22,Wednesday,Long Pause Bench,159.8,3,4,205,475,46,128,55.3,50.2,,,,,,,,,,,,,
2025-10-22,Wednesday,Long Pause Bench,159.8,3,4,205,475,46,128,55.3,50.2,,,,,,,,,,,,,
2025-10-21,Tuesday,Pause Squat,237,2,4,293.2,376,53,87,53,63,,,,,,,,,,,,,
2025-10-21,Tuesday,Pause Squat,237,2,4,293.2,376,53,87,53,63,,,,,,,,,,,,,
2025-10-21,Tuesday,Pause Squat,237,2,4,293.2,376,53,87,53,63,,,,,,,,,,,,,
2025-10-21,Tuesday,Deadlift,319.7,3,4,412.3,376,53,87,53,63,,,,,,,,,,,,,
2025-10-21,Tuesday,Deadlift,319.7,3,4,412.3,376,53,87,53,63,,,,,,,,,,,,,
2025-10-21,Tuesday,Deadlift,319.7,3,4,412.3,376,53,87,53,63,,,,,,,,,,,,,
2025-10-20,Monday,Touch and Go Bench,170.9,5,5,227.1,335,35,65,52.4,65.8,,,,,,,,,,,,,
2025-10-20,Monday,Touch and Go Bench,170.9,5,5,227.1,335,35,65,52.4,65.8,,,,,,,,,,,,,
2025-10-20,Monday,Touch and Go Bench,170.9,5,5,227.1,335,35,65,52.4,65.8,,,,,,,,,,,,,
2025-10-20,Monday,Touch and Go Bench,170.9,5,5,227.1,335,35,65,52.4,65.8,,,,,,,,,,,,,
2025-10-18,Saturday,Squat,286.6,3,6,341.7,533,98,154,53,52,,,,,,,,,,,,,
2025-10-18,Saturday,Squat,275.6,3,5,341.7,533,98,154,53,52,,,,,,,,,,,,,
2025-10-18,Saturday,Squat,275.6,3,5,341.7,533,98,154,53,52,,,,,,,,,,,,,
2025-10-18,Saturday,Squat,275.6,3,6,330.7,533,98,154,53,52,,,,,,,,,,,,,
2025-10-18,Saturday,Squat,275.6,3,6,330.7,533,98,154,53,52,,,,,,,,,,,,,
2025-10-18,Saturday,Deadlift,380.3,2,6,443.1,533,98,154,53,52,,,,,,,,,,,,,
2025-10-18,Saturday,Deadlift,363.8,2,5,436.5,533,98,154,53,52,,,,,,,,,,,,,
2025-10-18,Saturday,Deadlift,363.8,2,5,436.5,533,98,154,53,52,,,,,,,,,,,,,
2025-10-18,Saturday,Deadlift,363.8,2,5,436.5,533,98,154,53,52,,,,,,,,,,,,,
2025-10-18,Saturday,Deadlift,363.8,2,6,425.5,533,98,154,53,52,,,,,,,,,,,,,
2025-10-17,Friday,Bench Press,187.4,3,7,216.1,351,40,58,57,37,,,,,,,,,,,,,
2025-10-17,Friday,Bench Press,181.9,4,8,209.4,351,40,58,57,37,,,,,,,,,,,,,
2025-10-17,Friday,Bench Press,181.9,4,8,209.4,351,40,58,57,37,,,,,,,,,,,,,
2025-10-17,Friday,Bench Press,181.9,4,7,216.1,351,40,58,57,37,,,,,,,,,,,,,
2025-10-17,Friday,Bench Press,181.9,4,7,216.1,351,40,58,57,37,,,,,,,,,,,,,
2025-10-17,Friday,Bench Press,181.9,4,9,202.8,351,40,58,57,37,,,,,,,,,,,,,
2025-10-15,Wednesday,Long Pause Bench,165.3,4,6,205,363,38,56,53,52,,,,,,,,,,,,,
2025-10-15,Wednesday,Long Pause Bench,165.3,4,5,211.6,363,38,56,53,52,,,,,,,,,,,,,
2025-10-15,Wednesday,Long Pause Bench,165.3,4,5,211.6,363,38,56,53,52,,,,,,,,,,,,,
2025-10-15,Wednesday,Long Pause Bench,165.3,4,5,211.6,363,38,56,53,52,,,,,,,,,,,,,
2025-10-15,Wednesday,Long Pause Bench,165.3,4,5,211.6,363,38,56,53,52,,,,,,,,,,,,,
2025-10-14,Tuesday,Pause Squat,237,3,5,293.2,420,51,100,55,49,,,,,,,,,,,,,
2025-10-14,Tuesday,Pause Squat,237,3,5,293.2,420,51,100,55,49,,,,,,,,,,,,,
2025-10-14,Tuesday,Pause Squat,237,3,5,293.2,420,51,100,55,49,,,,,,,,,,,,,
2025-10-14,Tuesday,Pause Squat,237,3,5,293.2,420,51,100,55,49,,,,,,,,,,,,,
2025-10-14,Tuesday,Deadlift,325.2,4,5,416.7,420,51,100,55,49,,,,,,,,,,,,,
2025-10-14,Tuesday,Deadlift,325.2,4,5,416.7,420,51,100,55,49,,,,,,,,,,,,,
2025-10-14,Tuesday,Deadlift,325.2,4,5,416.7,420,51,100,55,49,,,,,,,,,,,,,
2025-10-14,Tuesday,Deadlift,325.2,4,5,416.7,420,51,100,55,49,,,,,,,,,,,,,
2025-10-13,Monday,Touch and Go Bench,170.9,6,5,235.9,431,80,117,52.2,61.3,,,,,,,,,,,,,
2025-10-13,Monday,Touch and Go Bench,170.9,6,5,235.9,431,80,117,52.2,61.3,,,,,,,,,,,,,
2025-10-13,Monday,Touch and Go Bench,170.9,6,5,235.9,431,80,117,52.2,61.3,,,,,,,,,,,,,
2025-10-13,Monday,Touch and Go Bench,170.9,6,5,235.9,431,80,117,52.2,61.3,,,,,,,,,,,,,
2025-10-13,Monday,Touch and Go Bench,170.9,6,5,235.9,431,80,117,52.2,61.3,,,,,,,,,,,,,
2025-10-11,Saturday,Squat,292.1,1,5,337.3,664,109,115,55.4,51.5,,,,,,,,,,,,,
2025-10-11,Saturday,Squat,275.6,3,4,352.7,664,109,115,55.4,51.5,,,,,,,,,,,,,
2025-10-11,Saturday,Squat,275.6,3,4,352.7,664,109,115,55.4,51.5,,,,,,,,,,,,,
2025-10-11,Saturday,Squat,275.6,3,5,341.7,664,109,115,55.4,51.5,,,,,,,,,,,,,
2025-10-11,Saturday,Squat,275.6,3,5,341.7,664,109,115,55.4,51.5,,,,,,,,,,,,,
2025-10-11,Saturday,Deadlift,374.8,1,4,449.7,664,109,115,55.4,51.5,,,,,,,,,,,,,
2025-10-11,Saturday,Deadlift,358.3,2,4,447.5,664,109,115,55.4,51.5,,,,,,,,,,,,,
2025-10-11,Saturday,Deadlift,358.3,2,4,447.5,664,109,115,55.4,51.5,,,,,,,,,,,,,
2025-10-11,Saturday,Deadlift,358.3,2,5,432.1,664,109,115,55.4,51.5,,,,,,,,,,,,,
2025-10-11,Saturday,Deadlift,358.3,2,5,432.1,664,109,115,55.4,51.5,,,,,,,,,,,,,
2025-10-10,Friday,Bench Press,192.9,1,7,211.6,301,74,34,55,48,,,,,,,,,,,,,
2025-10-10,Friday,Bench Press,176.4,4,5,224.9,301,74,34,55,48,,,,,,,,,,,,,
2025-10-10,Friday,Bench Press,176.4,4,5,224.9,301,74,34,55,48,,,,,,,,,,,,,
2025-10-10,Friday,Bench Press,176.4,4,5,224.9,301,74,34,55,48,,,,,,,,,,,,,
2025-10-10,Friday,Bench Press,176.4,4,5,224.9,301,74,34,55,48,,,,,,,,,,,,,
2025-10-10,Friday,Bench Press,176.4,4,5,224.9,301,74,34,55,48,,,,,,,,,,,,,
2025-10-08,Wednesday,Long Pause Bench,165.3,4,5,211.6,405,44,94,55,47,,,,,,,,,,,,,
2025-10-08,Wednesday,Long Pause Bench,165.3,4,5,211.6,405,44,94,55,47,,,,,,,,,,,,,
2025-10-08,Wednesday,Long Pause Bench,165.3,4,5,211.6,405,44,94,55,47,,,,,,,,,,,,,
2025-10-08,Wednesday,Long Pause Bench,165.3,4,5,211.6,405,44,94,55,47,,,,,,,,,,,,,
2025-10-08,Wednesday,Long Pause Bench,165.3,4,5,211.6,405,44,94,55,47,,,,,,,,,,,,,
2025-10-07,Tuesday,Pause Squat,231.5,3,5,284.4,423,44,78,55,45,,,,,,,,,,,,,
2025-10-07,Tuesday,Pause Squat,231.5,3,5,284.4,423,44,78,55,45,,,,,,,,,,,,,
2025-10-07,Tuesday,Pause Squat,231.5,3,5,284.4,423,44,78,55,45,,,,,,,,,,,,,
2025-10-07,Tuesday,Pause Squat,231.5,3,5,284.4,423,44,78,55,45,,,,,,,,,,,,,
2025-10-07,Tuesday,Deadlift,325.2,4,5,416.7,423,44,78,55,45,,,,,,,,,,,,,
2025-10-07,Tuesday,Deadlift,325.2,4,5,416.7,423,44,78,55,45,,,,,,,,,,,,,
2025-10-07,Tuesday,Deadlift,325.2,4,5,416.7,423,44,78,55,45,,,,,,,,,,,,,
2025-10-07,Tuesday,Deadlift,325.2,4,5,416.7,423,44,78,55,45,,,,,,,,,,,,,
2025-10-06,Monday,Touch and Go Bench,170.9,5,5,227.1,578,62,118,55.4,51.8,,,,,,,,,,,,,
2025-10-06,Monday,Touch and Go Bench,170.9,5,5,227.1,578,62,118,55.4,51.8,,,,,,,,,,,,,
2025-10-06,Monday,Touch and Go Bench,170.9,5,5,227.1,578,62,118,55.4,51.8,,,,,,,,,,,,,
2025-10-06,Monday,Touch and Go Bench,170.9,5,4,235.9,578,62,118,55.4,51.8,,,,,,,,,,,,,
2025-10-06,Monday,Touch and Go Bench,170.9,5,4,235.9,578,62,118,55.4,51.8,,,,,,,,,,,,,
2025-10-04,Saturday,Squat,286.6,1,5,330.7,618,80,121,57,49,,,,,,,,,,,,,
2025-10-04,Saturday,Squat,270.1,3,5,335.1,618,80,121,57,49,,,,,,,,,,,,,
2025-10-04,Saturday,Squat,270.1,3,5,335.1,618,80,121,57,49,,,,,,,,,,,,,
2025-10-04,Saturday,Squat,270.1,3,5,335.1,618,80,121,57,49,,,,,,,,,,,,,
2025-10-04,Saturday,Deadlift,369.3,1,6,416.7,618,80,121,57,49,,,,,,,,,,,,,
2025-10-04,Saturday,Deadlift,352.7,2,5,425.5,618,80,121,57,49,,,,,,,,,,,,,
2025-10-04,Saturday,Deadlift,352.7,2,5,425.5,618,80,121,57,49,,,,,,,,,,,,,
2025-10-04,Saturday,Deadlift,352.7,2,5,425.5,618,80,121,57,49,,,,,,,,,,,,,
2025-10-04,Saturday,Deadlift,352.7,2,5,425.5,618,80,121,57,49,,,,,,,,,,,,,
2025-10-03,Friday,Bench Press,187.4,1,6,207.2,430,65,106,56,49,,,,,,,,,,,,,
2025-10-03,Friday,Bench Press,170.9,4,5,218.3,430,65,106,56,49,,,,,,,,,,,,,
2025-10-03,Friday,Bench Press,170.9,4,5,218.3,430,65,106,56,49,,,,,,,,,,,,,
2025-10-03,Friday,Bench Press,170.9,4,5,218.3,430,65,106,56,49,,,,,,,,,,,,,
2025-10-03,Friday,Bench Press,170.9,4,5,218.3,430,65,106,56,49,,,,,,,,,,,,,
2025-10-01,Wednesday,Long Pause Bench,159.8,4,5,205,395,46,75,57,47,,,,,,,,,,,,,
2025-10-01,Wednesday,Long Pause Bench,159.8,4,5,205,395,46,75,57,47,,,,,,,,,,,,,
2025-10-01,Wednesday,Long Pause Bench,159.8,4,5,205,395,46,75,57,47,,,,,,,,,,,,,
2025-10-01,Wednesday,Long Pause Bench,159.8,4,5,205,395,46,75,57,47,,,,,,,,,,,,,
2025-09-30,Tuesday,Pause Squat,226,3,4,291,443,43,94,56,44,,,,,,,,,,,,,
2025-09-30,Tuesday,Pause Squat,226,3,4,291,443,43,94,56,44,,,,,,,,,,,,,
2025-09-30,Tuesday,Pause Squat,226,3,4,291,443,43,94,56,44,,,,,,,,,,,,,
2025-09-30,Tuesday,Pause Squat,226,3,4,291,443,43,94,56,44,,,,,,,,,,,,,
2025-09-30,Tuesday,Deadlift,319.7,4,5,412.3,443,43,94,56,44,,,,,,,,,,,,,
2025-09-30,Tuesday,Deadlift,319.7,4,5,412.3,443,43,94,56,44,,,,,,,,,,,,,
2025-09-30,Tuesday,Deadlift,319.7,4,5,412.3,443,43,94,56,44,,,,,,,,,,,,,
2025-09-29,Monday,Touch and Go Bench,170.9,5,5,227.1,456,48,134,51,71,,,,,,,,,,,,,
2025-09-29,Monday,Touch and Go Bench,170.9,5,5,227.1,456,48,134,51,71,,,,,,,,,,,,,
2025-09-29,Monday,Touch and Go Bench,170.9,5,5,227.1,456,48,134,51,71,,,,,,,,,,,,,
2025-09-29,Monday,Touch and Go Bench,170.9,5,5,227.1,456,48,134,51,71,,,,,,,,,,,,,
2025-09-29,Monday,Touch and Go Bench,170.9,5,5,227.1,456,48,134,51,71,,,,,,,,,,,,,
2025-09-27,Saturday,Squat,286.6,1,5,330.7,348,25,86,57,44,,,,,,,,,,,,,
2025-09-27,Saturday,Squat,259,3,4,335.1,348,25,86,57,44,,,,,,,,,,,,,
2025-09-27,Saturday,Squat,259,3,4,335.1,348,25,86,57,44,,,,,,,,,,,,,
2025-09-27,Saturday,Squat,259,3,4,335.1,348,25,86,57,44,,,,,,,,,,,,,
2025-09-27,Saturday,Deadlift,358.3,1,5,416.7,348,25,86,57,44,,,,,,,,,,,,,
2025-09-27,Saturday,Deadlift,341.7,2,4,423.3,348,25,86,57,44,,,,,,,,,,,,,
2025-09-27,Saturday,Deadlift,341.7,2,4,423.3,348,25,86,57,44,,,,,,,,,,,,,
2025-09-27,Saturday,Deadlift,341.7,2,4,423.3,348,25,86,57,44,,,,,,,,,,,,,
2025-09-26,Friday,Bench Press,187.4,1,5,216.1,293,38,52,55,47,,,,,,,,,,,,,
2025-09-26,Friday,Bench Press,165.3,4,5,211.6,293,38,52,55,47,,,,,,,,,,,,,
2025-09-26,Friday,Bench Press,165.3,4,5,211.6,293,38,52,55,47,,,,,,,,,,,,,
2025-09-26,Friday,Bench Press,165.3,4,5,211.6,293,38,52,55,47,,,,,,,,,,,,,
2025-09-24,Wednesday,Long Pause Bench,154.3,4,4,207.2,344,43,68,58,46,,,,,,,,,,,,,
2025-09-24,Wednesday,Long Pause Bench,154.3,4,4,207.2,344,43,68,58,46,,,,,,,,,,,,,
2025-09-24,Wednesday,Long Pause Bench,154.3,4,4,207.2,344,43,68,58,46,,,,,,,,,,,,,
2025-09-24,Wednesday,Long Pause Bench,154.3,4,4,207.2,344,43,68,58,46,,,,,,,,,,,,,
2025-09-23,Tuesday,Pause Squat,226,3,5,280,493,74,129,58,43,,,,,,,,,,,,,
2025-09-23,Tuesday,Pause Squat,226,3,5,280,493,74,129,58,43,,,,,,,,,,,,,
2025-09-23,Tuesday,Pause Squat,226,3,5,280,493,74,129,58,43,,,,,,,,,,,,,
2025-09-23,Tuesday,Deadlift,319.7,4,5,412.3,493,74,129,58,43,,,,,,,,,,,,,
2025-09-23,Tuesday,Deadlift,319.7,4,5,412.3,493,74,129,58,43,,,,,,,,,,,,,
2025-09-23,Tuesday,Deadlift,319.7,4,5,412.3,493,74,129,58,43,,,,,,,,,,,,,
2025-09-22,Monday,Touch and Go Bench,165.3,6,5,227.1,624,58,143,57.5,49.7,,,,,,,,,,,,,
2025-09-22,Monday,Touch and Go Bench,165.3,6,5,227.1,624,58,143,57.5,49.7,,,,,,,,,,,,,
2025-09-22,Monday,Touch and Go Bench,165.3,6,5,227.1,624,58,143,57.5,49.7,,,,,,,,,,,,,
2025-09-22,Monday,Touch and Go Bench,165.3,6,5,227.1,624,58,143,57.5,49.7,,,,,,,,,,,,,
2025-09-20,Saturday,Squat,336.2,1,10,335.1,554,93,106,59.2,44.7,,,,,,,,,,,,,
2025-09-20,Saturday,Squat,253.5,2,4,317.5,554,93,106,59.2,44.7,,,,,,,,,,,,,
2025-09-20,Saturday,Squat,253.5,2,4,317.5,554,93,106,59.2,44.7,,,,,,,,,,,,,
2025-09-20,Saturday,Deadlift,413.4,1,7,451.9,554,93,106,59.2,44.7,,,,,,,,,,,,,
2025-09-20,Saturday,Deadlift,336.2,1,4,403.4,554,93,106,59.2,44.7,,,,,,,,,,,,,
2025-09-20,Saturday,Deadlift,336.2,1,4,403.4,554,93,106,59.2,44.7,,,,,,,,,,,,,
2025-09-19,Friday,Bench Press,220.5,1,9.5,222.7,300,43,60,58,40,,,,,,,,,,,,,
2025-09-19,Friday,Bench Press,165.3,2,3,211.6,300,43,60,58,40,,,,,,,,,,,,,
2025-09-19,Friday,Bench Press,165.3,2,3,211.6,300,43,60,58,40,,,,,,,,,,,,,
2025-09-17,Wednesday,Long Pause Bench,159.8,3,4,205,342,37,71,59,38,,,,,,,,,,,,,
2025-09-17,Wednesday,Long Pause Bench,159.8,3,4,205,342,37,71,59,38,,,,,,,,,,,,,
2025-09-17,Wednesday,Long Pause Bench,159.8,3,4,205,342,37,71,59,38,,,,,,,,,,,,,
2025-09-16,Tuesday,Pause Squat,237,2,4,293.2,500,76,121,53.5,58.6,,,,,,,,,,,,,
2025-09-16,Tuesday,Pause Squat,237,2,4,293.2,500,76,121,53.5,58.6,,,,,,,,,,,,,
2025-09-16,Tuesday,Pause Squat,237,2,4,293.2,500,76,121,53.5,58.6,,,,,,,,,,,,,
2025-09-16,Tuesday,Deadlift,325.2,3,4,416.7,500,76,121,53.5,58.6,,,,,,,,,,,,,
2025-09-16,Tuesday,Deadlift,325.2,3,4,416.7,500,76,121,53.5,58.6,,,,,,,,,,,,,
2025-09-16,Tuesday,Deadlift,325.2,3,4,416.7,500,76,121,53.5,58.6,,,,,,,,,,,,,
2025-09-15,Monday,Touch and Go Bench,176.4,5,5,231.5,785,78,155,57.1,51.8,,,,,,,,,,,,,
2025-09-15,Monday,Touch and Go Bench,176.4,5,5,231.5,785,78,155,57.1,51.8,,,,,,,,,,,,,
2025-09-15,Monday,Touch and Go Bench,176.4,5,5,231.5,785,78,155,57.1,51.8,,,,,,,,,,,,,
2025-09-15,Monday,Touch and Go Bench,176.4,5,5,231.5,785,78,155,57.1,51.8,,,,,,,,,,,,,
2025-09-13,Saturday,Squat,325.2,1,7.5,350.5,436,44,113,59.5,41.9,,,,,,,,,,,,,
2025-09-13,Saturday,Squat,270.1,3,5,335.1,436,44,113,59.5,41.9,,,,,,,,,,,,,
2025-09-13,Saturday,Squat,270.1,3,5,335.1,436,44,113,59.5,41.9,,,,,,,,,,,,,
2025-09-13,Saturday,Squat,270.1,3,5,335.1,436,44,113,59.5,41.9,,,,,,,,,,,,,
2025-09-13,Saturday,Squat,270.1,3,5,335.1,436,44,113,59.5,41.9,,,,,,,,,,,,,
2025-09-13,Saturday,Deadlift,396.8,1,8,416.7,436,44,113,59.5,41.9,,,,,,,,,,,,,
2025-09-13,Saturday,Deadlift,352.7,2,5,425.5,436,44,113,59.5,41.9,,,,,,,,,,,,,
2025-09-13,Saturday,Deadlift,352.7,2,5,425.5,436,44,113,59.5,41.9,,,,,,,,,,,,,
2025-09-13,Saturday,Deadlift,352.7,2,5,425.5,436,44,113,59.5,41.9,,,,,,,,,,,,,
2025-09-13,Saturday,Deadlift,352.7,2,5,425.5,436,44,113,59.5,41.9,,,,,,,,,,,,,
2025-09-12,Friday,Bench Press,215,1,9,220.5,396,30,84,65,33,,,,,,,,,,,,,
2025-09-12,Friday,Bench Press,181.9,3,5,222.7,396,30,84,65,33,,,,,,,,,,,,,
2025-09-12,Friday,Bench Press,181.9,3,5,222.7,396,30,84,65,33,,,,,,,,,,,,,
2025-09-12,Friday,Bench Press,181.9,3,7,209.4,396,30,84,65,33,,,,,,,,,,,,,
2025-09-12,Friday,Bench Press,181.9,3,8,202.8,396,30,84,65,33,,,,,,,,,,,,,
2025-09-12,Friday,Bench Press,181.9,3,8,202.8,396,30,84,65,33,,,,,,,,,,,,,
2025-09-10,Wednesday,Long Pause Bench,159.8,4,5,205,365,32,75,62,34,,,,,,,,,,,,,
2025-09-10,Wednesday,Long Pause Bench,159.8,4,6,198.4,365,32,75,62,34,,,,,,,,,,,,,
2025-09-10,Wednesday,Long Pause Bench,159.8,4,6,198.4,365,32,75,62,34,,,,,,,,,,,,,
2025-09-10,Wednesday,Long Pause Bench,159.8,4,6,198.4,365,32,75,62,34,,,,,,,,,,,,,
2025-09-10,Wednesday,Long Pause Bench,159.8,4,6,198.4,365,32,75,62,34,,,,,,,,,,,,,
2025-09-09,Tuesday,Pause Squat,237,3,5,293.2,334,58,93,59,42,,,,,,,,,,,,,
2025-09-09,Tuesday,Pause Squat,237,3,5,293.2,334,58,93,59,42,,,,,,,,,,,,,
2025-09-09,Tuesday,Pause Squat,237,3,5,293.2,334,58,93,59,42,,,,,,,,,,,,,
2025-09-09,Tuesday,Pause Squat,237,3,5,293.2,334,58,93,59,42,,,,,,,,,,,,,
2025-09-09,Tuesday,Deadlift,325.2,4,5,416.7,334,58,93,59,42,,,,,,,,,,,,,
2025-09-09,Tuesday,Deadlift,325.2,4,5,416.7,334,58,93,59,42,,,,,,,,,,,,,
2025-09-09,Tuesday,Deadlift,325.2,4,6,403.4,334,58,93,59,42,,,,,,,,,,,,,
2025-09-09,Tuesday,Deadlift,325.2,4,6,403.4,334,58,93,59,42,,,,,,,,,,,,,
2025-09-08,Monday,Touch and Go Bench,181.9,6,7,231.5,494,77,131,53.4,54,,,,,,,,,,,,,
2025-09-08,Monday,Touch and Go Bench,181.9,6,7,231.5,494,77,131,53.4,54,,,,,,,,,,,,,
2025-09-08,Monday,Touch and Go Bench,181.9,6,7,231.5,494,77,131,53.4,54,,,,,,,,,,,,,
2025-09-08,Monday,Touch and Go Bench,181.9,6,9,216.1,494,77,131,53.4,54,,,,,,,,,,,,,
2025-09-08,Monday,Touch and Go Bench,181.9,6,9,216.1,494,77,131,53.4,54,,,,,,,,,,,,,
2025-09-06,Saturday,Squat,314.2,1,5,366,570,103,139,61.7,36,,,,,,,,,,,,,
2025-09-06,Saturday,Squat,270.1,3,4,348.3,570,103,139,61.7,36,,,,,,,,,,,,,
2025-09-06,Saturday,Squat,270.1,3,4,348.3,570,103,139,61.7,36,,,,,,,,,,,,,
2025-09-06,Saturday,Squat,270.1,3,4,348.3,570,103,139,61.7,36,,,,,,,,,,,,,
2025-09-06,Saturday,Squat,270.1,3,4,348.3,570,103,139,61.7,36,,,,,,,,,,,,,
2025-09-06,Saturday,Deadlift,374.8,1,5,434.3,570,103,139,61.7,36,,,,,,,,,,,,,
2025-09-06,Saturday,Deadlift,352.7,2,4,440.9,570,103,139,61.7,36,,,,,,,,,,,,,
2025-09-06,Saturday,Deadlift,352.7,2,4,440.9,570,103,139,61.7,36,,,,,,,,,,,,,
2025-09-06,Saturday,Deadlift,352.7,2,4,440.9,570,103,139,61.7,36,,,,,,,,,,,,,
2025-09-06,Saturday,Deadlift,352.7,2,4,440.9,570,103,139,61.7,36,,,,,,,,,,,,,
2025-09-05,Friday,Bench Press,209.4,1,7,229.3,274,38,36,56.6,47,,,,,,,,,,,,,
2025-09-05,Friday,Bench Press,181.9,3,4,231.5,274,38,36,56.6,47,,,,,,,,,,,,,
2025-09-05,Friday,Bench Press,181.9,3,4,231.5,274,38,36,56.6,47,,,,,,,,,,,,,
2025-09-05,Friday,Bench Press,181.9,3,4,231.5,274,38,36,56.6,47,,,,,,,,,,,,,
2025-09-05,Friday,Bench Press,181.9,3,5,222.7,274,38,36,56.6,47,,,,,,,,,,,,,
2025-09-05,Friday,Bench Press,181.9,3,5,222.7,274,38,36,56.6,47,,,,,,,,,,,,,
2025-09-03,Wednesday,Long Pause Bench,159.8,4,4,211.6,392,64,120,61,35,,,,,,,,,,,,,
2025-09-03,Wednesday,Long Pause Bench,159.8,4,4,211.6,392,64,120,61,35,,,,,,,,,,,,,
2025-09-03,Wednesday,Long Pause Bench,159.8,4,4,211.6,392,64,120,61,35,,,,,,,,,,,,,
2025-09-03,Wednesday,Long Pause Bench,159.8,4,4,211.6,392,64,120,61,35,,,,,,,,,,,,,
2025-09-03,Wednesday,Long Pause Bench,159.8,4,3,222.7,392,64,120,61,35,,,,,,,,,,,,,
2025-09-02,Tuesday,Pause Squat,231.5,3,2,317.5,416,59,95,55,56,,,,,,,,,,,,,
2025-09-02,Tuesday,Pause Squat,231.5,3,3,306.4,416,59,95,55,56,,,,,,,,,,,,,
2025-09-02,Tuesday,Pause Squat,231.5,3,3,306.4,416,59,95,55,56,,,,,,,,,,,,,
2025-09-02,Tuesday,Pause Squat,231.5,3,3,306.4,416,59,95,55,56,,,,,,,,,,,,,
2025-09-02,Tuesday,Deadlift,325.2,4,5,416.7,416,59,95,55,56,,,,,,,,,,,,,
2025-09-02,Tuesday,Deadlift,325.2,4,5,416.7,416,59,95,55,56,,,,,,,,,,,,,
2025-09-02,Tuesday,Deadlift,325.2,4,4,432.1,416,59,95,55,56,,,,,,,,,,,,,
2025-09-02,Tuesday,Deadlift,325.2,4,5,,416,59,95,55,56,,,,,,,,,,,,,
2025-09-01,Monday,Touch and Go Bench,176.4,6,,,553,87,153,59.4,49.6,,,,,,,,,,,,,
2025-09-01,Monday,Touch and Go Bench,176.4,6,,,553,87,153,59.4,49.6,,,,,,,,,,,,,
2025-09-01,Monday,Touch and Go Bench,176.4,6,,,553,87,153,59.4,49.6,,,,,,,,,,,,,
2025-09-01,Monday,Touch and Go Bench,176.4,6,,,553,87,153,59.4,49.6,,,,,,,,,,,,,
2025-09-01,Monday,Touch and Go Bench,176.4,6,,,553,87,153,59.4,49.6,,,,,,,,,,,,,
2025-08-30,Saturday,Squat,314.2,1,7,341.7,513,90,128,62.4,36,,,,,,,,,,,,,
2025-08-30,Saturday,Squat,270.1,3,5,335.1,513,90,128,62.4,36,,,,,,,,,,,,,
2025-08-30,Saturday,Squat,270.1,3,5,335.1,513,90,128,62.4,36,,,,,,,,,,,,,
2025-08-30,Saturday,Squat,270.1,3,5,335.1,513,90,128,62.4,36,,,,,,,,,,,,,
2025-08-30,Saturday,Deadlift,374.8,1,5,434.3,513,90,128,62.4,36,,,,,,,,,,,,,
2025-08-30,Saturday,Deadlift,347.2,2,3,443.1,513,90,128,62.4,36,,,,,,,,,,,,,
2025-08-30,Saturday,Deadlift,347.2,2,3,443.1,513,90,128,62.4,36,,,,,,,,,,,,,
2025-08-30,Saturday,Deadlift,347.2,2,3,443.1,513,90,128,62.4,36,,,,,,,,,,,,,
2025-08-29,Friday,Bench Press,209.4,1,8,222.7,288,63,51,58.1,41,,,,,,,,,,,,,
2025-08-29,Friday,Bench Press,176.4,3,4,224.9,288,63,51,58.1,41,,,,,,,,,,,,,
2025-08-29,Friday,Bench Press,176.4,3,4,224.9,288,63,51,58.1,41,,,,,,,,,,,,,
2025-08-29,Friday,Bench Press,176.4,3,4,224.9,288,63,51,58.1,41,,,,,,,,,,,,,
2025-08-29,Friday,Bench Press,176.4,3,4,224.9,288,63,51,58.1,41,,,,,,,,,,,,,
2025-08-27,Wednesday,Long Pause Bench,154.3,4,4,207.2,314,65,46,58,41,,,,,,,,,,,,,
2025-08-27,Wednesday,Long Pause Bench,154.3,4,4,207.2,314,65,46,58,41,,,,,,,,,,,,,
2025-08-27,Wednesday,Long Pause Bench,154.3,4,4,207.2,314,65,46,58,41,,,,,,,,,,,,,
2025-08-27,Wednesday,Long Pause Bench,154.3,4,4,207.2,314,65,46,58,41,,,,,,,,,,,,,
2025-08-27,Wednesday,Long Pause Bench,154.3,4,4,207.2,314,65,46,58,41,,,,,,,,,,,,,
2025-08-26,Tuesday,Pause Squat,231.5,3,4,295.4,301,51,36,60,38,,,,,,,,,,,,,
2025-08-26,Tuesday,Pause Squat,231.5,3,4,295.4,301,51,36,60,38,,,,,,,,,,,,,
2025-08-26,Tuesday,Pause Squat,231.5,3,4,295.4,301,51,36,60,38,,,,,,,,,,,,,
2025-08-26,Tuesday,Pause Squat,231.5,3,4,295.4,301,51,36,60,38,,,,,,,,,,,,,
2025-08-26,Tuesday,Deadlift,319.7,4,5,412.3,301,51,36,60,38,,,,,,,,,,,,,
2025-08-26,Tuesday,Deadlift,319.7,4,5,412.3,301,51,36,60,38,,,,,,,,,,,,,
2025-08-26,Tuesday,Deadlift,319.7,4,5,412.3,301,51,36,60,38,,,,,,,,,,,,,
2025-08-26,Tuesday,Deadlift,319.7,4,5,412.3,301,51,36,60,38,,,,,,,,,,,,,
2025-08-25,Monday,Touch and Go Bench,181.9,5,5,240.3,545,103,110,56,51,,,,,,,,,,,,,
2025-08-25,Monday,Touch and Go Bench,181.9,5,5,240.3,545,103,110,56,51,,,,,,,,,,,,,
2025-08-25,Monday,Touch and Go Bench,181.9,5,5,240.3,545,103,110,56,51,,,,,,,,,,,,,
2025-08-25,Monday,Touch and Go Bench,181.9,5,5,240.3,545,103,110,56,51,,,,,,,,,,,,,
2025-08-25,Monday,Touch and Go Bench,181.9,5,5,240.3,545,103,110,56,51,,,,,,,,,,,,,
2025-08-23,Saturday,Squat,308.6,1,7,337.3,591,49,154,54.1,55.1,,,,,,,,,,,,,
2025-08-23,Saturday,Squat,270.1,3,5,335.1,591,49,154,54.1,55.1,,,,,,,,,,,,,
2025-08-23,Saturday,Squat,270.1,3,5,335.1,591,49,154,54.1,55.1,,,,,,,,,,,,,
2025-08-23,Saturday,Squat,270.1,3,7,313.1,591,49,154,54.1,55.1,,,,,,,,,,,,,
2025-08-23,Saturday,Deadlift,391.3,1,10,390.2,591,49,154,54.1,55.1,,,,,,,,,,,,,
2025-08-23,Saturday,Deadlift,358.3,2,10,370.4,591,49,154,54.1,55.1,,,,,,,,,,,,,
2025-08-23,Saturday,Deadlift,358.3,2,10,370.4,591,49,154,54.1,55.1,,,,,,,,,,,,,
2025-08-23,Saturday,Deadlift,358.3,2,8,392.4,591,49,154,54.1,55.1,,,,,,,,,,,,,
2025-08-22,Friday,Bench Press,203.9,1,7,222.7,468,68,119,59,41.2,,,,,,,,,,,,,
2025-08-22,Friday,Bench Press,176.4,3,6,209.4,468,68,119,59,41.2,,,,,,,,,,,,,
2025-08-22,Friday,Bench Press,176.4,3,6,209.4,468,68,119,59,41.2,,,,,,,,,,,,,
2025-08-22,Friday,Bench Press,176.4,3,5,218.3,468,68,119,59,41.2,,,,,,,,,,,,,
2025-08-22,Friday,Bench Press,176.4,3,5,218.3,468,68,119,59,41.2,,,,,,,,,,,,,
2025-08-20,Wednesday,Long Pause Bench,154.3,4,5,200.6,413,17,65,55.7,46.2,,,,,,,,,,,,,
2025-08-20,Wednesday,Long Pause Bench,154.3,4,5,200.6,413,17,65,55.7,46.2,,,,,,,,,,,,,
2025-08-20,Wednesday,Long Pause Bench,154.3,4,5,200.6,413,17,65,55.7,46.2,,,,,,,,,,,,,
2025-08-20,Wednesday,Long Pause Bench,154.3,4,5,200.6,413,17,65,55.7,46.2,,,,,,,,,,,,,
2025-08-20,Wednesday,Long Pause Bench,154.3,4,5,200.6,413,17,65,55.7,46.2,,,,,,,,,,,,,
2025-08-19,Tuesday,Pause Squat,226,3,5,280,291,59,36,50,67,,,,,,,,,,,,,
2025-08-19,Tuesday,Pause Squat,226,3,5,280,291,59,36,50,67,,,,,,,,,,,,,
2025-08-19,Tuesday,Pause Squat,226,3,5,280,291,59,36,50,67,,,,,,,,,,,,,
2025-08-19,Tuesday,Pause Squat,226,3,5,280,291,59,36,50,67,,,,,,,,,,,,,
2025-08-19,Tuesday,Deadlift,314.2,4,5,405.7,291,59,36,50,67,,,,,,,,,,,,,
2025-08-19,Tuesday,Deadlift,314.2,4,5,405.7,291,59,36,50,67,,,,,,,,,,,,,
2025-08-19,Tuesday,Deadlift,314.2,4,5,405.7,291,59,36,50,67,,,,,,,,,,,,,
2025-08-19,Tuesday,Deadlift,314.2,4,5,405.7,291,59,36,50,67,,,,,,,,,,,,,
2025-08-18,Monday,Touch and Go Bench,176.4,5,4,242.5,416,73,86,49.4,63.6,,,,,,,,,,,,,
2025-08-18,Monday,Touch and Go Bench,176.4,5,4,242.5,416,73,86,49.4,63.6,,,,,,,,,,,,,
2025-08-18,Monday,Touch and Go Bench,176.4,5,4,242.5,416,73,86,49.4,63.6,,,,,,,,,,,,,
2025-08-18,Monday,Touch and Go Bench,176.4,5,4,242.5,416,73,86,49.4,63.6,,,,,,,,,,,,,
2025-08-18,Monday,Touch and Go Bench,176.4,5,4,242.5,416,73,86,49.4,63.6,,,,,,,,,,,,,
2025-08-16,Saturday,Squat,303.1,1,7,332.9,528,48,149,53.9,46,,,,,,,,,,,,,
2025-08-16,Saturday,Squat,303.1,1,7,332.9,528,48,149,53.9,46,,,,,,,,,,,,,
2025-08-16,Saturday,Squat,303.1,5,10,341.7,528,48,149,53.9,46,,,,,,,,,,,,,
2025-08-16,Saturday,Deadlift,380.3,1,5,443.1,528,48,149,53.9,46,,,,,,,,,,,,,
2025-08-16,Saturday,Deadlift,380.3,1,5,443.1,528,48,149,53.9,46,,,,,,,,,,,,,
2025-08-16,Saturday,Deadlift,380.3,5,10,427.7,528,48,149,53.9,46,,,,,,,,,,,,,
2025-08-15,Friday,Bench Press,198.4,1,7,218.3,556,78,119,54,48.8,,,,,,,,,,,,,
2025-08-15,Friday,Bench Press,198.4,1,7,218.3,556,78,119,54,48.8,,,,,,,,,,,,,
2025-08-15,Friday,Bench Press,198.4,4,10,218.3,556,78,119,54,48.8,,,,,,,,,,,,,
2025-08-13,Wednesday,Long Pause Bench,154.3,3,5,191.8,,,,,,,,,,,,,,,,,,
2025-08-13,Wednesday,Long Pause Bench,154.3,3,4,200.6,,,,,,,,,,,,,,,,,,
2025-08-13,Wednesday,Long Pause Bench,154.3,3,4,200.6,,,,,,,,,,,,,,,,,,
2025-08-13,Wednesday,Long Pause Bench,154.3,3,4,200.6,,,,,,,,,,,,,,,,,,
2025-08-12,Tuesday,Pause Squat,226,3,5,280,,,,,,,,,,,,,,,,,,
2025-08-12,Tuesday,Pause Squat,226,3,5,280,,,,,,,,,,,,,,,,,,
2025-08-12,Tuesday,Pause Squat,226,3,5,280,,,,,,,,,,,,,,,,,,
2025-08-12,Tuesday,Deadlift,308.6,3,5,385.8,,,,,,,,,,,,,,,,,,
2025-08-12,Tuesday,Deadlift,308.6,3,5,385.8,,,,,,,,,,,,,,,,,,
2025-08-12,Tuesday,Deadlift,308.6,3,5,385.8,,,,,,,,,,,,,,,,,,
2025-08-11,Monday,Touch and Go Bench,176.4,4,5,224.9,,,,,,,,,,,,,,,,,,
2025-08-11,Monday,Touch and Go Bench,176.4,4,5,224.9,,,,,,,,,,,,,,,,,,
2025-08-11,Monday,Touch and Go Bench,176.4,4,5,224.9,,,,,,,,,,,,,,,,,,
2025-08-11,Monday,Touch and Go Bench,176.4,4,5,224.9,,,,,,,,,,,,,,,,,,
2025-08-09,Saturday,Squat,303.1,2,8,332.9,369,51,72,52,54,,,,,,,,,,,,,
2025-08-09,Saturday,Squat,286.6,2,8,310.9,369,51,72,52,54,,,,,,,,,,,,,
2025-08-09,Saturday,Squat,286.6,2,8,310.9,369,51,72,52,54,,,,,,,,,,,,,
2025-08-09,Saturday,Squat,286.6,2,8,310.9,369,51,72,52,54,,,,,,,,,,,,,
2025-08-09,Saturday,Squat,286.6,2,8,310.9,369,51,72,52,54,,,,,,,,,,,,,
2025-08-09,Saturday,Deadlift,385.8,2,8.5,414.5,369,51,72,52,54,,,,,,,,,,,,,
2025-08-09,Saturday,Deadlift,363.8,2,6,425.5,369,51,72,52,54,,,,,,,,,,,,,
2025-08-09,Saturday,Deadlift,363.8,2,6,425.5,369,51,72,52,54,,,,,,,,,,,,,
2025-08-09,Saturday,Deadlift,363.8,2,8,396.8,369,51,72,52,54,,,,,,,,,,,,,
2025-08-09,Saturday,Deadlift,363.8,2,8,396.8,369,51,72,52,54,,,,,,,,,,,,,
2025-08-08,Friday,Bench Press,198.4,2,7,224.9,658,66,149,55.2,47.3,,,,,,,,,,,,,
2025-08-08,Friday,Bench Press,181.9,4,7,216.1,658,66,149,55.2,47.3,,,,,,,,,,,,,
2025-08-08,Friday,Bench Press,181.9,4,7,216.1,658,66,149,55.2,47.3,,,,,,,,,,,,,
2025-08-08,Friday,Bench Press,181.9,4,9.5,200.6,658,66,149,55.2,47.3,,,,,,,,,,,,,
2025-08-08,Friday,Bench Press,181.9,4,9.5,200.6,658,66,149,55.2,47.3,,,,,,,,,,,,,
2025-08-08,Friday,Bench Press,181.9,4,9.5,200.6,658,66,149,55.2,47.3,,,,,,,,,,,,,
2025-08-06,Wednesday,Long Pause Bench,159.8,4,6,198.4,477,66,109,53.8,52.1,,,,,,,,,,,,,
2025-08-06,Wednesday,Long Pause Bench,159.8,4,6,198.4,477,66,109,53.8,52.1,,,,,,,,,,,,,
2025-08-06,Wednesday,Long Pause Bench,159.8,4,6,198.4,477,66,109,53.8,52.1,,,,,,,,,,,,,
2025-08-06,Wednesday,Long Pause Bench,159.8,4,6,198.4,477,66,109,53.8,52.1,,,,,,,,,,,,,
2025-08-06,Wednesday,Long Pause Bench,159.8,4,6,198.4,477,66,109,53.8,52.1,,,,,,,,,,,,,
2025-08-05,Tuesday,Pause Squat,231.5,4,5,295.4,316,21,73,54.3,48.5,,,,,,,,,,,,,
2025-08-05,Tuesday,Pause Squat,231.5,4,5,295.4,316,21,73,54.3,48.5,,,,,,,,,,,,,
2025-08-05,Tuesday,Pause Squat,231.5,4,5,295.4,316,21,73,54.3,48.5,,,,,,,,,,,,,
2025-08-05,Tuesday,Pause Squat,231.5,4,5,295.4,316,21,73,54.3,48.5,,,,,,,,,,,,,
2025-08-05,Tuesday,Deadlift,314.2,4,5,405.7,316,21,73,54.3,48.5,,,,,,,,,,,,,
2025-08-05,Tuesday,Deadlift,314.2,4,5,405.7,316,21,73,54.3,48.5,,,,,,,,,,,,,
2025-08-05,Tuesday,Deadlift,314.2,4,5,405.7,316,21,73,54.3,48.5,,,,,,,,,,,,,
2025-08-05,Tuesday,Deadlift,314.2,4,5,405.7,316,21,73,54.3,48.5,,,,,,,,,,,,,
2025-08-04,Monday,Touch and Go Bench,176.4,5,4,242.5,433,56,87,54.8,45.4,,,,,,,,,,,,,
2025-08-04,Monday,Touch and Go Bench,176.4,5,4,242.5,433,56,87,54.8,45.4,,,,,,,,,,,,,
2025-08-04,Monday,Touch and Go Bench,176.4,5,4,242.5,433,56,87,54.8,45.4,,,,,,,,,,,,,
2025-08-04,Monday,Touch and Go Bench,176.4,5,5.5,229.3,433,56,87,54.8,45.4,,,,,,,,,,,,,
2025-08-04,Monday,Touch and Go Bench,176.4,5,6,224.9,433,56,87,54.8,45.4,,,,,,,,,,,,,
2025-08-02,Saturday,Squat,308.6,1,6,350.5,617,103,169,59.6,39.1,,,,,,,,,,,,,
2025-08-02,Saturday,Squat,281.1,2,6,324.1,617,103,169,59.6,39.1,,,,,,,,,,,,,
2025-08-02,Saturday,Squat,281.1,2,6,324.1,617,103,169,59.6,39.1,,,,,,,,,,,,,
2025-08-02,Saturday,Squat,281.1,2,6,324.1,617,103,169,59.6,39.1,,,,,,,,,,,,,
2025-08-02,Saturday,Squat,281.1,2,5,335.1,617,103,169,59.6,39.1,,,,,,,,,,,,,
2025-08-02,Saturday,Deadlift,391.3,1,5,451.9,617,103,169,59.6,39.1,,,,,,,,,,,,,
2025-08-02,Saturday,Deadlift,358.3,2,4,447.5,617,103,169,59.6,39.1,,,,,,,,,,,,,
2025-08-02,Saturday,Deadlift,358.3,2,4,447.5,617,103,169,59.6,39.1,,,,,,,,,,,,,
2025-08-02,Saturday,Deadlift,358.3,2,4,447.5,617,103,169,59.6,39.1,,,,,,,,,,,,,
2025-08-02,Saturday,Deadlift,358.3,2,4,447.5,617,103,169,59.6,39.1,,,,,,,,,,,,,
2025-08-01,Friday,Bench Press,203.9,1,8.5,216.1,376,64,79,51.7,52,,,,,,,,,,,,,
2025-08-01,Friday,Bench Press,176.4,4,5,224.9,376,64,79,51.7,52,,,,,,,,,,,,,
2025-08-01,Friday,Bench Press,176.4,4,6,218.3,376,64,79,51.7,52,,,,,,,,,,,,,
2025-08-01,Friday,Bench Press,176.4,4,6,218.3,376,64,79,51.7,52,,,,,,,,,,,,,
2025-08-01,Friday,Bench Press,176.4,4,9,198.4,376,64,79,51.7,52,,,,,,,,,,,,,
2025-08-01,Friday,Bench Press,176.4,4,9,198.4,376,64,79,51.7,52,,,,,,,,,,,,,
2025-07-30,Wednesday,Long Pause Bench,159.8,4,5,205,399,50,106,55,44,,,,,,,,,,,,,
2025-07-30,Wednesday,Long Pause Bench,159.8,4,5,205,399,50,106,55,44,,,,,,,,,,,,,
2025-07-30,Wednesday,Long Pause Bench,159.8,4,5,205,399,50,106,55,44,,,,,,,,,,,,,
2025-07-30,Wednesday,Long Pause Bench,159.8,4,5,205,399,50,106,55,44,,,,,,,,,,,,,
2025-07-30,Wednesday,Long Pause Bench,159.8,4,9,180.8,399,50,106,55,44,,,,,,,,,,,,,
2025-07-29,Tuesday,Pause Squat,231.5,4,6,284.4,620,65,141,61,35,,,,,,,,,,,,,
2025-07-29,Tuesday,Pause Squat,231.5,4,6,284.4,620,65,141,61,35,,,,,,,,,,,,,
2025-07-29,Tuesday,Pause Squat,231.5,4,6,284.4,620,65,141,61,35,,,,,,,,,,,,,
2025-07-29,Tuesday,Pause Squat,231.5,4,5,295.4,620,65,141,61,35,,,,,,,,,,,,,
2025-07-29,Tuesday,Deadlift,314.2,4,5,405.7,620,65,141,61,35,,,,,,,,,,,,,
2025-07-29,Tuesday,Deadlift,314.2,4,5,405.7,620,65,141,61,35,,,,,,,,,,,,,
2025-07-29,Tuesday,Deadlift,314.2,4,5,405.7,620,65,141,61,35,,,,,,,,,,,,,
2025-07-29,Tuesday,Deadlift,314.2,4,4,421.1,620,65,141,61,35,,,,,,,,,,,,,
2025-07-28,Monday,Touch and Go Bench,176.4,5,4,242.5,486,88,97,55,50.6,,,,,,,,,,,,,
2025-07-28,Monday,Touch and Go Bench,176.4,5,4,242.5,486,88,97,55,50.6,,,,,,,,,,,,,
2025-07-28,Monday,Touch and Go Bench,176.4,5,4,242.5,486,88,97,55,50.6,,,,,,,,,,,,,
2025-07-28,Monday,Touch and Go Bench,176.4,5,5,231.5,486,88,97,55,50.6,,,,,,,,,,,,,
2025-07-28,Monday,Touch and Go Bench,176.4,5,6,224.9,486,88,97,55,50.6,,,,,,,,,,,,,
2025-07-26,Saturday,Squat,303.1,1,8,321.9,358,66,78,59,34,,,,,,,,,,,,,
2025-07-26,Saturday,Squat,275.6,2,6,319.7,358,66,78,59,34,,,,,,,,,,,,,
2025-07-26,Saturday,Squat,275.6,2,6,319.7,358,66,78,59,34,,,,,,,,,,,,,
2025-07-26,Saturday,Squat,275.6,2,6,319.7,358,66,78,59,34,,,,,,,,,,,,,
2025-07-26,Saturday,Squat,275.6,2,6,319.7,358,66,78,59,34,,,,,,,,,,,,,
2025-07-26,Saturday,Deadlift,380.3,1,6,427.7,358,66,78,59,34,,,,,,,,,,,,,
2025-07-26,Saturday,Deadlift,352.7,2,6,412.3,358,66,78,59,34,,,,,,,,,,,,,
2025-07-26,Saturday,Deadlift,352.7,2,6,412.3,358,66,78,59,34,,,,,,,,,,,,,
2025-07-26,Saturday,Deadlift,352.7,2,6,412.3,358,66,78,59,34,,,,,,,,,,,,,
2025-07-26,Saturday,Deadlift,352.7,2,6,412.3,358,66,78,59,34,,,,,,,,,,,,,
2025-07-25,Friday,Bench Press,198.4,1,6,224.9,442,53,98,54,55.5,,,,,,,,,,,,,
2025-07-25,Friday,Bench Press,176.4,4,6,218.3,442,53,98,54,55.5,,,,,,,,,,,,,
2025-07-25,Friday,Bench Press,176.4,4,6,218.3,442,53,98,54,55.5,,,,,,,,,,,,,
2025-07-25,Friday,Bench Press,176.4,4,6,218.3,442,53,98,54,55.5,,,,,,,,,,,,,
2025-07-25,Friday,Bench Press,176.4,4,6,218.3,442,53,98,54,55.5,,,,,,,,,,,,,
2025-07-25,Friday,Bench Press,176.4,4,5,224.9,442,53,98,54,55.5,,,,,,,,,,,,,
2025-07-23,Wednesday,Long Pause Bench,154.3,4,4,207.2,525,61,124,56,51,,,,,,,,,,,,,
2025-07-23,Wednesday,Long Pause Bench,154.3,4,4,207.2,525,61,124,56,51,,,,,,,,,,,,,
2025-07-23,Wednesday,Long Pause Bench,154.3,4,4,207.2,525,61,124,56,51,,,,,,,,,,,,,
2025-07-23,Wednesday,Long Pause Bench,154.3,4,4,207.2,525,61,124,56,51,,,,,,,,,,,,,
2025-07-23,Wednesday,Long Pause Bench,154.3,4,4,207.2,525,61,124,56,51,,,,,,,,,,,,,
2025-07-22,Tuesday,Pause Squat,226,4,5,291,549,31,140,60.3,40,,,,,,,,,,,,,
2025-07-22,Tuesday,Pause Squat,226,4,5,291,549,31,140,60.3,40,,,,,,,,,,,,,
2025-07-22,Tuesday,Pause Squat,226,4,5,291,549,31,140,60.3,40,,,,,,,,,,,,,
2025-07-22,Tuesday,Pause Squat,226,4,5,291,549,31,140,60.3,40,,,,,,,,,,,,,
2025-07-22,Tuesday,Deadlift,308.6,4,4,412.3,549,31,140,60.3,40,,,,,,,,,,,,,
2025-07-22,Tuesday,Deadlift,308.6,4,4,412.3,549,31,140,60.3,40,,,,,,,,,,,,,
2025-07-22,Tuesday,Deadlift,308.6,4,4,412.3,549,31,140,60.3,40,,,,,,,,,,,,,
2025-07-22,Tuesday,Deadlift,308.6,4,4,412.3,549,31,140,60.3,40,,,,,,,,,,,,,
2025-07-21,Monday,Touch and Go Bench,170.9,5,3,244.7,232,42,81,56,44,,,,,,,,,,,,,
2025-07-21,Monday,Touch and Go Bench,170.9,5,4,235.9,232,42,81,56,44,,,,,,,,,,,,,
2025-07-21,Monday,Touch and Go Bench,170.9,5,4,235.9,232,42,81,56,44,,,,,,,,,,,,,
2025-07-21,Monday,Touch and Go Bench,170.9,5,4,235.9,232,42,81,56,44,,,,,,,,,,,,,
2025-07-21,Monday,Touch and Go Bench,170.9,5,5,227.1,232,42,81,56,44,,,,,,,,,,,,,
2025-07-19,Saturday,Squat,292.1,1,5,337.3,423,48,103,60,34,,,,,,,,,,,,,
2025-07-19,Saturday,Squat,270.1,2,4,335.1,423,48,103,60,34,,,,,,,,,,,,,
2025-07-19,Saturday,Squat,270.1,2,4,335.1,423,48,103,60,34,,,,,,,,,,,,,
2025-07-19,Saturday,Squat,270.1,2,4,335.1,423,48,103,60,34,,,,,,,,,,,,,
2025-07-19,Saturday,Squat,270.1,2,4,335.1,423,48,103,60,34,,,,,,,,,,,,,
2025-07-19,Saturday,Deadlift,374.8,1,5,434.3,423,48,103,60,34,,,,,,,,,,,,,
2025-07-19,Saturday,Deadlift,341.7,2,3,436.5,423,48,103,60,34,,,,,,,,,,,,,
2025-07-19,Saturday,Deadlift,341.7,2,3,436.5,423,48,103,60,34,,,,,,,,,,,,,
2025-07-19,Saturday,Deadlift,341.7,2,3,436.5,423,48,103,60,34,,,,,,,,,,,,,
2025-07-19,Saturday,Deadlift,341.7,2,3,436.5,423,48,103,60,34,,,,,,,,,,,,,
2025-07-18,Friday,Bench Press,192.9,1,5,227.1,393,76,76,67.6,24.8,,,,,,,,,,,,,
2025-07-18,Friday,Bench Press,170.9,4,6,209.4,393,76,76,67.6,24.8,,,,,,,,,,,,,
2025-07-18,Friday,Bench Press,170.9,4,6,209.4,393,76,76,67.6,24.8,,,,,,,,,,,,,
2025-07-18,Friday,Bench Press,170.9,4,6,209.4,393,76,76,67.6,24.8,,,,,,,,,,,,,
2025-07-18,Friday,Bench Press,170.9,4,6,209.4,393,76,76,67.6,24.8,,,,,,,,,,,,,
2025-07-18,Friday,Bench Press,170.9,4,6,209.4,393,76,76,67.6,24.8,,,,,,,,,,,,,
2025-07-16,Wednesday,Long Pause Bench,154.3,4,,,519,69,129,63,34,,,,,,,,,,,,,
2025-07-16,Wednesday,Long Pause Bench,154.3,4,,,519,69,129,63,34,,,,,,,,,,,,,
2025-07-16,Wednesday,Long Pause Bench,154.3,4,,,519,69,129,63,34,,,,,,,,,,,,,
2025-07-16,Wednesday,Long Pause Bench,154.3,4,,,519,69,129,63,34,,,,,,,,,,,,,
2025-07-16,Wednesday,Long Pause Bench,154.3,4,,,519,69,129,63,34,,,,,,,,,,,,,
2025-07-15,Tuesday,Pause Squat,226,4,,,404,81,117,57.8,49.3,,,,,,,,,,,,,
2025-07-15,Tuesday,Pause Squat,226,4,,,404,81,117,57.8,49.3,,,,,,,,,,,,,
2025-07-15,Tuesday,Pause Squat,226,4,,,404,81,117,57.8,49.3,,,,,,,,,,,,,
2025-07-15,Tuesday,Pause Squat,226,4,,,404,81,117,57.8,49.3,,,,,,,,,,,,,
2025-07-15,Tuesday,Deadlift,308.6,4,,,404,81,117,57.8,49.3,,,,,,,,,,,,,
2025-07-15,Tuesday,Deadlift,308.6,4,,,404,81,117,57.8,49.3,,,,,,,,,,,,,
2025-07-15,Tuesday,Deadlift,308.6,4,,,404,81,117,57.8,49.3,,,,,,,,,,,,,
2025-07-15,Tuesday,Deadlift,308.6,4,,,404,81,117,57.8,49.3,,,,,,,,,,,,,
2025-07-14,Monday,Touch and Go Bench,170.9,5,,,487,49,131,61,38,,,,,,,,,,,,,
2025-07-14,Monday,Touch and Go Bench,170.9,5,,,487,49,131,61,38,,,,,,,,,,,,,
2025-07-14,Monday,Touch and Go Bench,170.9,5,,,487,49,131,61,38,,,,,,,,,,,,,
2025-07-14,Monday,Touch and Go Bench,170.9,5,,,487,49,131,61,38,,,,,,,,,,,,,
2025-07-14,Monday,Touch and Go Bench,170.9,5,,,487,49,131,61,38,,,,,,,,,,,,,
2025-07-12,Saturday,Squat,292.1,1,,,406,48,92,61,38,,,,,,,,,,,,,
2025-07-12,Saturday,Squat,270.1,2,,,406,48,92,61,38,,,,,,,,,,,,,
2025-07-12,Saturday,Squat,270.1,2,,,406,48,92,61,38,,,,,,,,,,,,,
2025-07-12,Saturday,Squat,270.1,2,,,406,48,92,61,38,,,,,,,,,,,,,
2025-07-12,Saturday,Squat,270.1,2,,,406,48,92,61,38,,,,,,,,,,,,,
2025-07-12,Saturday,Deadlift,374.8,1,,,406,48,92,61,38,,,,,,,,,,,,,
2025-07-12,Saturday,Deadlift,341.7,2,,,406,48,92,61,38,,,,,,,,,,,,,
2025-07-12,Saturday,Deadlift,341.7,2,,,406,48,92,61,38,,,,,,,,,,,,,
2025-07-12,Saturday,Deadlift,341.7,2,,,406,48,92,61,38,,,,,,,,,,,,,
2025-07-12,Saturday,Deadlift,341.7,2,,,406,48,92,61,38,,,,,,,,,,,,,
2025-07-11,Friday,Bench Press,192.9,1,,,289,43,88,57,56,,,,,,,,,,,,,
2025-07-11,Friday,Bench Press,176.4,3,,,289,43,88,57,56,,,,,,,,,,,,,
2025-07-11,Friday,Bench Press,176.4,3,,,289,43,88,57,56,,,,,,,,,,,,,
2025-07-11,Friday,Bench Press,176.4,3,,,289,43,88,57,56,,,,,,,,,,,,,
2025-07-11,Friday,Bench Press,176.4,3,,,289,43,88,57,56,,,,,,,,,,,,,
2025-07-11,Friday,Bench Press,176.4,3,,,289,43,88,57,56,,,,,,,,,,,,,
2025-07-09,Wednesday,Long Pause Bench,159.8,3,6,191.8,340,8,90,65.2,29,,,,,,,,,,,,,
2025-07-09,Wednesday,Long Pause Bench,159.8,3,6,191.8,340,8,90,65.2,29,,,,,,,,,,,,,
2025-07-09,Wednesday,Long Pause Bench,159.8,3,6,191.8,340,8,90,65.2,29,,,,,,,,,,,,,
2025-07-09,Wednesday,Long Pause Bench,159.8,3,6,191.8,340,8,90,65.2,29,,,,,,,,,,,,,
2025-07-09,Wednesday,Long Pause Bench,159.8,3,6,191.8,340,8,90,65.2,29,,,,,,,,,,,,,
2025-07-09,Wednesday,Long Pause Bench,159.8,3,6,191.8,340,8,90,65.2,29,,,,,,,,,,,,,
2025-07-08,Tuesday,Pause Squat,237,3,6,282.2,285,23,45,62,40,,,,,,,,,,,,,
2025-07-08,Tuesday,Pause Squat,237,3,6,282.2,285,23,45,62,40,,,,,,,,,,,,,
2025-07-08,Tuesday,Pause Squat,237,3,6,282.2,285,23,45,62,40,,,,,,,,,,,,,
2025-07-08,Tuesday,Pause Squat,237,3,6,282.2,285,23,45,62,40,,,,,,,,,,,,,
2025-07-08,Tuesday,Deadlift,314.2,3,5,390.2,285,23,45,62,40,,,,,,,,,,,,,
2025-07-08,Tuesday,Deadlift,314.2,3,5,390.2,285,23,45,62,40,,,,,,,,,,,,,
2025-07-08,Tuesday,Deadlift,314.2,3,5,390.2,285,23,45,62,40,,,,,,,,,,,,,
2025-07-08,Tuesday,Deadlift,314.2,3,5,390.2,285,23,45,62,40,,,,,,,,,,,,,
2025-07-07,Monday,Touch and Go Bench,170.9,5,5,227.1,449,31,67,51,82,,,,,,,,,,,,,
2025-07-07,Monday,Touch and Go Bench,170.9,5,5,227.1,449,31,67,51,82,,,,,,,,,,,,,
2025-07-07,Monday,Touch and Go Bench,170.9,5,5,227.1,449,31,67,51,82,,,,,,,,,,,,,
2025-07-07,Monday,Touch and Go Bench,170.9,5,5,227.1,449,31,67,51,82,,,,,,,,,,,,,
2025-07-07,Monday,Touch and Go Bench,170.9,5,5,,449,31,67,51,82,,,,,,,,,,,,,
2025-07-05,Saturday,Squat,292.1,1,7,317.5,890,86,205,59.3,50.2,,,,,,,,,,,,,
2025-07-05,Saturday,Squat,270.1,2,6,313.1,890,86,205,59.3,50.2,,,,,,,,,,,,,
2025-07-05,Saturday,Squat,270.1,2,6,313.1,890,86,205,59.3,50.2,,,,,,,,,,,,,
2025-07-05,Saturday,Squat,270.1,2,6,313.1,890,86,205,59.3,50.2,,,,,,,,,,,,,
2025-07-05,Saturday,Deadlift,374.8,1,7,410.1,890,86,205,59.3,50.2,,,,,,,,,,,,,
2025-07-05,Saturday,Deadlift,341.7,2,6,394.6,890,86,205,59.3,50.2,,,,,,,,,,,,,
2025-07-05,Saturday,Deadlift,341.7,2,6,394.6,890,86,205,59.3,50.2,,,,,,,,,,,,,
2025-07-05,Saturday,Deadlift,341.7,2,6,394.6,890,86,205,59.3,50.2,,,,,,,,,,,,,
2025-07-04,Friday,Bench Press,192.9,1,8.5,202.8,8,1,0,0,,,,,,,,,,,,,,
2025-07-04,Friday,Bench Press,176.4,3,6,209.4,8,1,0,0,,,,,,,,,,,,,,
2025-07-04,Friday,Bench Press,176.4,3,7,202.8,8,1,0,0,,,,,,,,,,,,,,
2025-07-04,Friday,Bench Press,176.4,3,8,198.4,8,1,0,0,,,,,,,,,,,,,,
2025-07-04,Friday,Bench Press,176.4,3,8,198.4,8,1,0,0,,,,,,,,,,,,,,
2025-07-02,Wednesday,Long Pause Bench,159.8,3,6,,436,53,69,60.7,34.1,,,,,,,,,,,,,
2025-07-02,Wednesday,Long Pause Bench,159.8,3,,,436,53,69,60.7,34.1,,,,,,,,,,,,,
2025-07-02,Wednesday,Long Pause Bench,159.8,3,,,436,53,69,60.7,34.1,,,,,,,,,,,,,
2025-07-02,Wednesday,Long Pause Bench,159.8,3,,,436,53,69,60.7,34.1,,,,,,,,,,,,,
2025-07-02,Wednesday,Long Pause Bench,159.8,3,6,191.8,436,53,69,60.7,34.1,,,,,,,,,,,,,
2025-07-01,Tuesday,Pause Squat,237,3,,,529,31,111,56,55,,,,,,,,,,,,,
2025-07-01,Tuesday,Pause Squat,237,3,,,529,31,111,56,55,,,,,,,,,,,,,
2025-07-01,Tuesday,Pause Squat,237,3,,,529,31,111,56,55,,,,,,,,,,,,,
2025-07-01,Tuesday,Pause Squat,237,3,,,529,31,111,56,55,,,,,,,,,,,,,
2025-07-01,Tuesday,Deadlift,314.2,3,,,529,31,111,56,55,,,,,,,,,,,,,
2025-07-01,Tuesday,Deadlift,314.2,3,,,529,31,111,56,55,,,,,,,,,,,,,
2025-07-01,Tuesday,Deadlift,314.2,3,,,529,31,111,56,55,,,,,,,,,,,,,
2025-07-01,Tuesday,Deadlift,314.2,3,,,529,31,111,56,55,,,,,,,,,,,,,
2025-06-30,Monday,Touch and Go Bench,170.9,5,,,361,78,72,57.4,55.6,,,,,,,,,,,,,
2025-06-30,Monday,Touch and Go Bench,170.9,5,,,361,78,72,57.4,55.6,,,,,,,,,,,,,
2025-06-30,Monday,Touch and Go Bench,170.9,5,,,361,78,72,57.4,55.6,,,,,,,,,,,,,
2025-06-30,Monday,Touch and Go Bench,170.9,5,,,361,78,72,57.4,55.6,,,,,,,,,,,,,
2025-06-30,Monday,Touch and Go Bench,170.9,5,,,361,78,72,57.4,55.6,,,,,,,,,,,,,
2025-06-28,Saturday,Squat,292.1,1,6,328.5,483,53,112,54,51,,,,,,,,,,,,,
2025-06-28,Saturday,Squat,270.1,2,6,313.1,483,53,112,54,51,,,,,,,,,,,,,
2025-06-28,Saturday,Squat,270.1,2,6,313.1,483,53,112,54,51,,,,,,,,,,,,,
2025-06-28,Saturday,Squat,270.1,2,6,313.1,483,53,112,54,51,,,,,,,,,,,,,
2025-06-28,Saturday,Deadlift,374.8,1,5,434.3,483,53,112,54,51,,,,,,,,,,,,,
2025-06-28,Saturday,Deadlift,341.7,2,5,407.9,483,53,112,54,51,,,,,,,,,,,,,
2025-06-28,Saturday,Deadlift,341.7,2,5,407.9,483,53,112,54,51,,,,,,,,,,,,,
2025-06-28,Saturday,Deadlift,341.7,2,5,407.9,483,53,112,54,51,,,,,,,,,,,,,
2025-06-27,Friday,Bench Press,192.9,1,7,211.6,572,92,131,52,83.1,,,,,,,,,,,,,
2025-06-27,Friday,Bench Press,176.4,3,6,209.4,572,92,131,52,83.1,,,,,,,,,,,,,
2025-06-27,Friday,Bench Press,176.4,3,6,209.4,572,92,131,52,83.1,,,,,,,,,,,,,
2025-06-27,Friday,Bench Press,176.4,3,6,209.4,572,92,131,52,83.1,,,,,,,,,,,,,
2025-06-25,Wednesday,Long Pause Bench,159.8,3,6,191.8,529,116,138,57,73,,,,,,,,,,,,,
2025-06-25,Wednesday,Long Pause Bench,159.8,3,6,191.8,529,116,138,57,73,,,,,,,,,,,,,
2025-06-25,Wednesday,Long Pause Bench,159.8,3,6,191.8,529,116,138,57,73,,,,,,,,,,,,,
2025-06-25,Wednesday,Long Pause Bench,159.8,3,6,191.8,529,116,138,57,73,,,,,,,,,,,,,
2025-06-24,Tuesday,Pause Squat,237,3,5,293.2,487,93,104,53,87,,,,,,,,,,,,,
2025-06-24,Tuesday,Pause Squat,237,3,5,293.2,487,93,104,53,87,,,,,,,,,,,,,
2025-06-24,Tuesday,Pause Squat,237,3,5,293.2,487,93,104,53,87,,,,,,,,,,,,,
2025-06-24,Tuesday,Deadlift,314.2,3,6,377,487,93,104,53,87,,,,,,,,,,,,,
2025-06-24,Tuesday,Deadlift,314.2,3,6,377,487,93,104,53,87,,,,,,,,,,,,,
2025-06-24,Tuesday,Deadlift,314.2,3,6,377,487,93,104,53,87,,,,,,,,,,,,,
2025-06-23,Monday,Touch and Go Bench,170.9,5,6,218.3,686,45,154,58.4,58.1,,,,,,,,,,,,,
2025-06-23,Monday,Touch and Go Bench,170.9,5,6,218.3,686,45,154,58.4,58.1,,,,,,,,,,,,,
2025-06-23,Monday,Touch and Go Bench,170.9,5,6,218.3,686,45,154,58.4,58.1,,,,,,,,,,,,,
2025-06-23,Monday,Touch and Go Bench,170.9,5,6,218.3,686,45,154,58.4,58.1,,,,,,,,,,,,,
2025-06-23,Monday,Touch and Go Bench,170.9,5,6,,686,45,154,58.4,58.1,,,,,,,,,,,,,
2025-06-21,Saturday,Squat,292.1,1,6,328.5,314,46,94,59,63,,,,,,,,,,,,,
2025-06-21,Saturday,Squat,270.1,3,6,324.1,314,46,94,59,63,,,,,,,,,,,,,
2025-06-21,Saturday,Squat,270.1,3,6,324.1,314,46,94,59,63,,,,,,,,,,,,,
2025-06-21,Saturday,Squat,270.1,3,6,324.1,314,46,94,59,63,,,,,,,,,,,,,
2025-06-21,Saturday,Deadlift,374.8,1,6,423.3,314,46,94,59,63,,,,,,,,,,,,,
2025-06-21,Saturday,Deadlift,352.7,2,6,412.3,314,46,94,59,63,,,,,,,,,,,,,
2025-06-21,Saturday,Deadlift,352.7,2,6,412.3,314,46,94,59,63,,,,,,,,,,,,,
2025-06-21,Saturday,Deadlift,352.7,2,6,412.3,314,46,94,59,63,,,,,,,,,,,,,
2025-06-20,Friday,Bench Press,192.9,1,,,150,37,26,63,51,,,,,,,,,,,,,
2025-06-20,Friday,Bench Press,176.4,3,,,150,37,26,63,51,,,,,,,,,,,,,
2025-06-20,Friday,Bench Press,176.4,3,,,150,37,26,63,51,,,,,,,,,,,,,
2025-06-20,Friday,Bench Press,176.4,3,,,150,37,26,63,51,,,,,,,,,,,,,
2025-06-20,Friday,Bench Press,176.4,3,,,150,37,26,63,51,,,,,,,,,,,,,
2025-06-18,Wednesday,Long Pause Bench,159.8,4,,,239,35,45,63,36,,,,,,,,,,,,,
2025-06-18,Wednesday,Long Pause Bench,159.8,4,,,239,35,45,63,36,,,,,,,,,,,,,
2025-06-18,Wednesday,Long Pause Bench,159.8,4,,,239,35,45,63,36,,,,,,,,,,,,,
2025-06-18,Wednesday,Long Pause Bench,159.8,4,,,239,35,45,63,36,,,,,,,,,,,,,
2025-06-17,Tuesday,Pause Squat,237,3,5,293.2,293,64,86,58.1,41,,,,,,,,,,,,,
2025-06-17,Tuesday,Pause Squat,237,3,5,293.2,293,64,86,58.1,41,,,,,,,,,,,,,
2025-06-17,Tuesday,Pause Squat,237,3,5,293.2,293,64,86,58.1,41,,,,,,,,,,,,,
2025-06-17,Tuesday,Pause Squat,237,3,5,293.2,293,64,86,58.1,41,,,,,,,,,,,,,
2025-06-17,Tuesday,Deadlift,314.2,4,5,405.7,293,64,86,58.1,41,,,,,,,,,,,,,
2025-06-17,Tuesday,Deadlift,314.2,4,4,421.1,293,64,86,58.1,41,,,,,,,,,,,,,
2025-06-17,Tuesday,Deadlift,314.2,4,4,421.1,293,64,86,58.1,41,,,,,,,,,,,,,
2025-06-16,Monday,Touch and Go Bench,170.9,5,,,9,1,0,0,,,,,,,,,,,,,,
2025-06-16,Monday,Touch and Go Bench,170.9,5,,,9,1,0,0,,,,,,,,,,,,,,
2025-06-16,Monday,Touch and Go Bench,170.9,5,,,9,1,0,0,,,,,,,,,,,,,,
2025-06-16,Monday,Touch and Go Bench,170.9,5,,,9,1,0,0,,,,,,,,,,,,,,
2025-06-16,Monday,Touch and Go Bench,170.9,5,,,9,1,0,0,,,,,,,,,,,,,,
2025-06-14,Saturday,Squat,292.1,1,7,317.5,265,54,57,60,47,,,,,,,,,,,,,
2025-06-14,Saturday,Squat,275.6,3,7,319.7,265,54,57,60,47,,,,,,,,,,,,,
2025-06-14,Saturday,Squat,275.6,3,7,319.7,265,54,57,60,47,,,,,,,,,,,,,
2025-06-14,Saturday,Squat,275.6,3,7,319.7,265,54,57,60,47,,,,,,,,,,,,,
2025-06-14,Saturday,Deadlift,374.8,1,5,434.3,265,54,57,60,47,,,,,,,,,,,,,
2025-06-14,Saturday,Deadlift,363.8,2,6,425.5,265,54,57,60,47,,,,,,,,,,,,,
2025-06-14,Saturday,Deadlift,363.8,2,6,425.5,265,54,57,60,47,,,,,,,,,,,,,
2025-06-14,Saturday,Deadlift,363.8,2,6,425.5,265,54,57,60,47,,,,,,,,,,,,,
2025-06-13,Friday,Bench Press,192.9,1,,,546,45,165,59.5,40.7,,,,,,,,,,,,,
2025-06-13,Friday,Bench Press,181.9,3,,,546,45,165,59.5,40.7,,,,,,,,,,,,,
2025-06-13,Friday,Bench Press,181.9,3,,,546,45,165,59.5,40.7,,,,,,,,,,,,,
2025-06-13,Friday,Bench Press,181.9,3,,,546,45,165,59.5,40.7,,,,,,,,,,,,,
2025-06-13,Friday,Bench Press,181.9,3,,,546,45,165,59.5,40.7,,,,,,,,,,,,,
2025-06-13,Friday,Bench Press,181.9,3,,,546,45,165,59.5,40.7,,,,,,,,,,,,,
2025-06-11,Wednesday,Long Pause Bench,159.8,4,,,413,14,105,58,48,,,,,,,,,,,,,
2025-06-11,Wednesday,Long Pause Bench,159.8,4,,,413,14,105,58,48,,,,,,,,,,,,,
2025-06-11,Wednesday,Long Pause Bench,159.8,4,,,413,14,105,58,48,,,,,,,,,,,,,
2025-06-11,Wednesday,Long Pause Bench,159.8,4,,,413,14,105,58,48,,,,,,,,,,,,,
2025-06-10,Tuesday,Pause Squat,237,3,,,565,106,139,55.8,56.6,,,,,,,,,,,,,
2025-06-10,Tuesday,Pause Squat,237,3,,,565,106,139,55.8,56.6,,,,,,,,,,,,,
2025-06-10,Tuesday,Pause Squat,237,3,,,565,106,139,55.8,56.6,,,,,,,,,,,,,
2025-06-10,Tuesday,Pause Squat,237,3,,,565,106,139,55.8,56.6,,,,,,,,,,,,,
2025-06-10,Tuesday,Deadlift,314.2,4,,,565,106,139,55.8,56.6,,,,,,,,,,,,,
2025-06-10,Tuesday,Deadlift,314.2,4,,,565,106,139,55.8,56.6,,,,,,,,,,,,,
2025-06-10,Tuesday,Deadlift,314.2,4,,,565,106,139,55.8,56.6,,,,,,,,,,,,,
2025-06-09,Monday,Touch and Go Bench,170.9,5,6,218.3,383,27,66,51.9,60,,,,,,,,,,,,,
2025-06-09,Monday,Touch and Go Bench,170.9,5,6,218.3,383,27,66,51.9,60,,,,,,,,,,,,,
2025-06-09,Monday,Touch and Go Bench,170.9,5,6,218.3,383,27,66,51.9,60,,,,,,,,,,,,,
2025-06-09,Monday,Touch and Go Bench,170.9,5,5,227.1,383,27,66,51.9,60,,,,,,,,,,,,,
2025-06-09,Monday,Touch and Go Bench,170.9,5,5,227.1,383,27,66,51.9,60,,,,,,,,,,,,,
2025-06-07,Saturday,Squat,286.6,2,6.5,324.1,362,18,96,54.8,48,,,,,,,,,,,,,
2025-06-07,Saturday,Squat,275.6,3,7.5,315.3,362,18,96,54.8,48,,,,,,,,,,,,,
2025-06-07,Saturday,Squat,275.6,3,9,299.8,362,18,96,54.8,48,,,,,,,,,,,,,
2025-06-07,Saturday,Squat,275.6,3,9,299.8,362,18,96,54.8,48,,,,,,,,,,,,,
2025-06-07,Saturday,Deadlift,363.8,2,3,469.6,362,18,96,54.8,48,,,,,,,,,,,,,
2025-06-07,Saturday,Deadlift,352.7,2,3,458.6,362,18,96,54.8,48,,,,,,,,,,,,,
2025-06-07,Saturday,Deadlift,352.7,2,2,471.8,362,18,96,54.8,48,,,,,,,,,,,,,
2025-06-07,Saturday,Deadlift,352.7,2,2,471.8,362,18,96,54.8,48,,,,,,,,,,,,,
2025-06-06,Friday,Bench Press,187.4,2,7,207.2,545,53,98,56.4,50.9,,,,,,,,,,,,,
2025-06-06,Friday,Bench Press,181.9,3,6,216.1,545,53,98,56.4,50.9,,,,,,,,,,,,,
2025-06-06,Friday,Bench Press,181.9,3,7,209.4,545,53,98,56.4,50.9,,,,,,,,,,,,,
2025-06-06,Friday,Bench Press,181.9,3,7,209.4,545,53,98,56.4,50.9,,,,,,,,,,,,,
2025-06-06,Friday,Bench Press,181.9,3,9,198.4,545,53,98,56.4,50.9,,,,,,,,,,,,,
2025-06-06,Friday,Bench Press,181.9,3,9.5,191.8,545,53,98,56.4,50.9,,,,,,,,,,,,,
2025-06-04,Wednesday,Long Pause Bench,159.8,4,5,205,374,19,96,57,37,,,,,,,,,,,,,
2025-06-04,Wednesday,Long Pause Bench,159.8,4,5,205,374,19,96,57,37,,,,,,,,,,,,,
2025-06-04,Wednesday,Long Pause Bench,159.8,4,5,205,374,19,96,57,37,,,,,,,,,,,,,
2025-06-04,Wednesday,Long Pause Bench,159.8,4,5,205,374,19,96,57,37,,,,,,,,,,,,,
2025-06-03,Tuesday,Pause Squat,237,3,4,302,395,14,63,56,48,,,,,,,,,,,,,
2025-06-03,Tuesday,Pause Squat,237,3,5,293.2,395,14,63,56,48,,,,,,,,,,,,,
2025-06-03,Tuesday,Pause Squat,237,3,5,293.2,395,14,63,56,48,,,,,,,,,,,,,
2025-06-03,Tuesday,Pause Squat,237,3,5,293.2,395,14,63,56,48,,,,,,,,,,,,,
2025-06-03,Tuesday,Deadlift,314.2,4,4,421.1,395,14,63,56,48,,,,,,,,,,,,,
2025-06-03,Tuesday,Deadlift,314.2,4,5,405.7,395,14,63,56,48,,,,,,,,,,,,,
2025-06-03,Tuesday,Deadlift,314.2,4,5,405.7,395,14,63,56,48,,,,,,,,,,,,,
2025-06-02,Monday,Touch and Go Bench,170.9,5,3,244.7,407,35,108,55.9,51,,,,,,,,,,,,,
2025-06-02,Monday,Touch and Go Bench,170.9,5,4,235.9,407,35,108,55.9,51,,,,,,,,,,,,,
2025-06-02,Monday,Touch and Go Bench,170.9,5,4,235.9,407,35,108,55.9,51,,,,,,,,,,,,,
2025-06-02,Monday,Touch and Go Bench,170.9,5,4,235.9,407,35,108,55.9,51,,,,,,,,,,,,,
2025-06-02,Monday,Touch and Go Bench,170.9,5,4,235.9,407,35,108,55.9,51,,,,,,,,,,,,,
2025-05-31,Saturday,Squat,286.6,1,5,330.7,477,38,110,54.7,53,,,,,,,,,,,,,
2025-05-31,Saturday,Squat,270.1,3,5,335.1,477,38,110,54.7,53,,,,,,,,,,,,,
2025-05-31,Saturday,Squat,270.1,3,5,335.1,477,38,110,54.7,53,,,,,,,,,,,,,
2025-05-31,Saturday,Squat,270.1,3,5,335.1,477,38,110,54.7,53,,,,,,,,,,,,,
2025-05-31,Saturday,Deadlift,363.8,1,5,425.5,477,38,110,54.7,53,,,,,,,,,,,,,
2025-05-31,Saturday,Deadlift,352.7,2,5,425.5,477,38,110,54.7,53,,,,,,,,,,,,,
2025-05-31,Saturday,Deadlift,352.7,2,5,425.5,477,38,110,54.7,53,,,,,,,,,,,,,
2025-05-31,Saturday,Deadlift,352.7,2,5,425.5,477,38,110,54.7,53,,,,,,,,,,,,,
2025-05-30,Friday,Bench Press,187.4,1,5,216.1,560,70,149,52.5,68.2,,,,,,,,,,,,,
2025-05-30,Friday,Bench Press,176.4,3,5,218.3,560,70,149,52.5,68.2,,,,,,,,,,,,,
2025-05-30,Friday,Bench Press,176.4,3,5,218.3,560,70,149,52.5,68.2,,,,,,,,,,,,,
2025-05-30,Friday,Bench Press,176.4,3,5,218.3,560,70,149,52.5,68.2,,,,,,,,,,,,,
2025-05-30,Friday,Bench Press,176.4,3,5,218.3,560,70,149,52.5,68.2,,,,,,,,,,,,,
2025-05-30,Friday,Bench Press,176.4,3,5,218.3,560,70,149,52.5,68.2,,,,,,,,,,,,,
2025-05-28,Wednesday,Long Pause Bench,154.3,4,4,207.2,472,39,124,58.5,49.8,,,,,,,,,,,,,
2025-05-28,Wednesday,Long Pause Bench,154.3,4,4,207.2,472,39,124,58.5,49.8,,,,,,,,,,,,,
2025-05-28,Wednesday,Long Pause Bench,154.3,4,4,207.2,472,39,124,58.5,49.8,,,,,,,,,,,,,
2025-05-28,Wednesday,Long Pause Bench,154.3,4,5,200.6,472,39,124,58.5,49.8,,,,,,,,,,,,,
2025-05-27,Tuesday,Pause Squat,226,3,3,299.8,389,66,86,58.7,48.7,,,,,,,,,,,,,
2025-05-27,Tuesday,Pause Squat,226,3,4,291,389,66,86,58.7,48.7,,,,,,,,,,,,,
2025-05-27,Tuesday,Pause Squat,226,3,4,291,389,66,86,58.7,48.7,,,,,,,,,,,,,
2025-05-27,Tuesday,Pause Squat,226,3,4,291,389,66,86,58.7,48.7,,,,,,,,,,,,,
2025-05-27,Tuesday,Deadlift,308.6,4,6,385.8,389,66,86,58.7,48.7,,,,,,,,,,,,,
2025-05-27,Tuesday,Deadlift,308.6,4,5,396.8,389,66,86,58.7,48.7,,,,,,,,,,,,,
2025-05-27,Tuesday,Deadlift,308.6,4,5,396.8,389,66,86,58.7,48.7,,,,,,,,,,,,,
2025-05-26,Monday,Touch and Go Bench,170.9,5,5,227.1,422,58,150,54.7,58,,,,,,,,,,,,,
2025-05-26,Monday,Touch and Go Bench,170.9,5,5,227.1,422,58,150,54.7,58,,,,,,,,,,,,,
2025-05-26,Monday,Touch and Go Bench,170.9,5,5,227.1,422,58,150,54.7,58,,,,,,,,,,,,,
2025-05-26,Monday,Touch and Go Bench,170.9,5,7,209.4,422,58,150,54.7,58,,,,,,,,,,,,,
2025-05-26,Monday,Touch and Go Bench,170.9,5,7,209.4,422,58,150,54.7,58,,,,,,,,,,,,,
2025-05-24,Saturday,Squat,275.6,2,6,319.7,488,34,133,55.3,50.7,,,,,,,,,,,,,
2025-05-24,Saturday,Squat,275.6,2,6,319.7,488,34,133,55.3,50.7,,,,,,,,,,,,,
2025-05-24,Saturday,Squat,275.6,6,8.5,335.1,488,34,133,55.3,50.7,,,,,,,,,,,,,
2025-05-24,Saturday,Deadlift,352.7,1,5,412.3,488,34,133,55.3,50.7,,,,,,,,,,,,,
2025-05-24,Saturday,Deadlift,352.7,1,5,412.3,488,34,133,55.3,50.7,,,,,,,,,,,,,
2025-05-24,Saturday,Deadlift,352.7,5,8,425.5,488,34,133,55.3,50.7,,,,,,,,,,,,,
2025-05-23,Friday,Bench Press,181.9,2,4,222.7,475,74,138,55,54,,,,,,,,,,,,,
2025-05-23,Friday,Bench Press,181.9,2,4,222.7,475,74,138,55,54,,,,,,,,,,,,,
2025-05-23,Friday,Bench Press,181.9,6,8,222.7,475,74,138,55,54,,,,,,,,,,,,,
2025-05-21,Wednesday,Long Pause Bench,154.3,3,4,200.6,,,,,,,,,,,,,,,,,,
2025-05-21,Wednesday,Long Pause Bench,154.3,3,4,200.6,,,,,,,,,,,,,,,,,,
2025-05-21,Wednesday,Long Pause Bench,154.3,3,4,200.6,,,,,,,,,,,,,,,,,,
2025-05-21,Wednesday,Long Pause Bench,154.3,3,4,200.6,,,,,,,,,,,,,,,,,,
2025-05-21,Wednesday,Long Pause Bench,154.3,3,4,200.6,,,,,,,,,,,,,,,,,,
2025-05-20,Tuesday,Pause Squat,220.5,2,3,282.2,533,69,104,59,50.9,,,,,,,,,,,,,
2025-05-20,Tuesday,Pause Squat,220.5,2,2,293.2,533,69,104,59,50.9,,,,,,,,,,,,,
2025-05-20,Tuesday,Pause Squat,220.5,2,2,293.2,533,69,104,59,50.9,,,,,,,,,,,,,
2025-05-20,Tuesday,Pause Squat,220.5,2,2,293.2,533,69,104,59,50.9,,,,,,,,,,,,,
2025-05-20,Tuesday,Deadlift,303.1,3,2,423.3,533,69,104,59,50.9,,,,,,,,,,,,,
2025-05-20,Tuesday,Deadlift,303.1,3,2,423.3,533,69,104,59,50.9,,,,,,,,,,,,,
2025-05-19,Monday,Touch and Go Bench,170.9,4,4,227.1,441,71,100,56.2,50.8,,,,,,,,,,,,,
2025-05-19,Monday,Touch and Go Bench,170.9,4,4,227.1,441,71,100,56.2,50.8,,,,,,,,,,,,,
2025-05-19,Monday,Touch and Go Bench,170.9,4,4,227.1,441,71,100,56.2,50.8,,,,,,,,,,,,,
2025-05-19,Monday,Touch and Go Bench,170.9,4,4,227.1,441,71,100,56.2,50.8,,,,,,,,,,,,,
2025-05-17,Saturday,Squat,275.6,3,7,319.7,410,47,87,55.2,54.2,,,,,,,,,,,,,
2025-05-17,Saturday,Squat,259,3,6,313.1,410,47,87,55.2,54.2,,,,,,,,,,,,,
2025-05-17,Saturday,Squat,259,3,6,313.1,410,47,87,55.2,54.2,,,,,,,,,,,,,
2025-05-17,Saturday,Squat,259,3,7,302,410,47,87,55.2,54.2,,,,,,,,,,,,,
2025-05-17,Saturday,Deadlift,363.8,3,10,388,410,47,87,55.2,54.2,,,,,,,,,,,,,
2025-05-17,Saturday,Deadlift,352.7,2,5,425.5,410,47,87,55.2,54.2,,,,,,,,,,,,,
2025-05-17,Saturday,Deadlift,352.7,2,4,440.9,410,47,87,55.2,54.2,,,,,,,,,,,,,
2025-05-16,Friday,Bench Press,181.9,3,5,222.7,114,25,18,58.5,55.7,,,,,,,,,,,,,
2025-05-16,Friday,Bench Press,181.9,3,7,209.4,114,25,18,58.5,55.7,,,,,,,,,,,,,
2025-05-16,Friday,Bench Press,165.3,5,6,211.6,114,25,18,58.5,55.7,,,,,,,,,,,,,
2025-05-16,Friday,Bench Press,165.3,5,6,211.6,114,25,18,58.5,55.7,,,,,,,,,,,,,
2025-05-16,Friday,Bench Press,165.3,5,6,211.6,114,25,18,58.5,55.7,,,,,,,,,,,,,
2025-05-16,Friday,Bench Press,165.3,5,5,220.5,114,25,18,58.5,55.7,,,,,,,,,,,,,
2025-05-14,Wednesday,Long Pause Bench,154.3,4,5,200.6,469,69,135,55.7,56.4,,,,,,,,,,,,,
2025-05-14,Wednesday,Long Pause Bench,154.3,4,6,191.8,469,69,135,55.7,56.4,,,,,,,,,,,,,
2025-05-14,Wednesday,Long Pause Bench,154.3,4,6,191.8,469,69,135,55.7,56.4,,,,,,,,,,,,,
2025-05-14,Wednesday,Long Pause Bench,154.3,4,6,191.8,469,69,135,55.7,56.4,,,,,,,,,,,,,
2025-05-14,Wednesday,Long Pause Bench,154.3,4,6,191.8,469,69,135,55.7,56.4,,,,,,,,,,,,,
2025-05-13,Tuesday,Pause Squat,220.5,3,5,273.4,334,51,67,56,47,,,,,,,,,,,,,
2025-05-13,Tuesday,Pause Squat,220.5,3,4,282.2,334,51,67,56,47,,,,,,,,,,,,,
2025-05-13,Tuesday,Pause Squat,220.5,3,4,282.2,334,51,67,56,47,,,,,,,,,,,,,
2025-05-13,Tuesday,Pause Squat,220.5,3,4,282.2,334,51,67,56,47,,,,,,,,,,,,,
2025-05-13,Tuesday,Pause Squat,220.5,3,4,282.2,334,51,67,56,47,,,,,,,,,,,,,
2025-05-13,Tuesday,Deadlift,303.1,4,4,407.9,334,51,67,56,47,,,,,,,,,,,,,
2025-05-13,Tuesday,Deadlift,303.1,4,4,407.9,334,51,67,56,47,,,,,,,,,,,,,
2025-05-13,Tuesday,Deadlift,303.1,4,4,407.9,334,51,67,56,47,,,,,,,,,,,,,
2025-05-13,Tuesday,Deadlift,303.1,4,4,407.9,334,51,67,56,47,,,,,,,,,,,,,
2025-05-12,Monday,Touch and Go Bench,170.9,5,5,227.1,311,64,45,58,40,,,,,,,,,,,,,
2025-05-12,Monday,Touch and Go Bench,170.9,5,5,227.1,311,64,45,58,40,,,,,,,,,,,,,
2025-05-12,Monday,Touch and Go Bench,170.9,5,5,227.1,311,64,45,58,40,,,,,,,,,,,,,
2025-05-12,Monday,Touch and Go Bench,170.9,5,5,227.1,311,64,45,58,40,,,,,,,,,,,,,
2025-05-12,Monday,Touch and Go Bench,170.9,5,6,218.3,311,64,45,58,40,,,,,,,,,,,,,
2025-05-10,Saturday,Squat,275.6,1,5,319.7,,,,,,,,,,,,,,,,,,
2025-05-10,Saturday,Squat,264.6,3,5,330.7,,,,,,,,,,,,,,,,,,
2025-05-10,Saturday,Squat,264.6,3,5,330.7,,,,,,,,,,,,,,,,,,
2025-05-10,Saturday,Squat,264.6,3,6,317.5,,,,,,,,,,,,,,,,,,
2025-05-10,Saturday,Deadlift,363.8,1,5,425.5,,,,,,,,,,,,,,,,,,
2025-05-10,Saturday,Deadlift,347.2,2,4,427.7,,,,,,,,,,,,,,,,,,
2025-05-10,Saturday,Deadlift,347.2,2,4,427.7,,,,,,,,,,,,,,,,,,
2025-05-10,Saturday,Deadlift,347.2,2,5,414.5,,,,,,,,,,,,,,,,,,
2025-05-09,Friday,Bench Press,181.9,2,4,222.7,,,,,,,,,,,,,,,,,,
2025-05-09,Friday,Bench Press,165.3,5,5,220.5,,,,,,,,,,,,,,,,,,
2025-05-09,Friday,Bench Press,165.3,5,5,220.5,,,,,,,,,,,,,,,,,,
2025-05-09,Friday,Bench Press,165.3,5,5,220.5,,,,,,,,,,,,,,,,,,
2025-05-09,Friday,Bench Press,165.3,5,5,220.5,,,,,,,,,,,,,,,,,,
2025-05-07,Wednesday,Long Pause Bench,159.8,4,5,205,355,20,91,57,46,,,,,,,,,,,,,
2025-05-07,Wednesday,Long Pause Bench,159.8,4,5,205,355,20,91,57,46,,,,,,,,,,,,,
2025-05-07,Wednesday,Long Pause Bench,159.8,4,6,198.4,355,20,91,57,46,,,,,,,,,,,,,
2025-05-07,Wednesday,Long Pause Bench,159.8,4,6,198.4,355,20,91,57,46,,,,,,,,,,,,,
2025-05-06,Tuesday,Pause Squat,220.5,3,4,282.2,624,85,166,55.9,48.1,,,,,,,,,,,,,
2025-05-06,Tuesday,Pause Squat,220.5,3,4,282.2,624,85,166,55.9,48.1,,,,,,,,,,,,,
2025-05-06,Tuesday,Pause Squat,220.5,3,4,282.2,624,85,166,55.9,48.1,,,,,,,,,,,,,
2025-05-06,Tuesday,Pause Squat,220.5,3,4,,624,85,166,55.9,48.1,,,,,,,,,,,,,
2025-05-06,Tuesday,Deadlift,303.1,4,4,407.9,624,85,166,55.9,48.1,,,,,,,,,,,,,
2025-05-06,Tuesday,Deadlift,303.1,4,4,407.9,624,85,166,55.9,48.1,,,,,,,,,,,,,
2025-05-06,Tuesday,Deadlift,303.1,4,4,407.9,624,85,166,55.9,48.1,,,,,,,,,,,,,
2025-05-05,Monday,Touch and Go Bench,165.3,6,4,238.1,491,45,138,53.7,54,,,,,,,,,,,,,
2025-05-05,Monday,Touch and Go Bench,165.3,6,6,220.5,491,45,138,53.7,54,,,,,,,,,,,,,
2025-05-05,Monday,Touch and Go Bench,165.3,6,6,220.5,491,45,138,53.7,54,,,,,,,,,,,,,
2025-05-05,Monday,Touch and Go Bench,165.3,6,5,227.1,491,45,138,53.7,54,,,,,,,,,,,,,
2025-05-03,Saturday,Squat,264.6,1,3,330.7,489,57,113,58.4,36.5,,,,,,,,,,,,,
2025-05-03,Saturday,Squat,253.5,4,3,352.7,489,57,113,58.4,36.5,,,,,,,,,,,,,
2025-05-03,Saturday,Squat,253.5,4,3,352.7,489,57,113,58.4,36.5,,,,,,,,,,,,,
2025-05-03,Saturday,Deadlift,347.2,1,3,427.7,489,57,113,58.4,36.5,,,,,,,,,,,,,
2025-05-03,Saturday,Deadlift,336.2,3,4,429.9,489,57,113,58.4,36.5,,,,,,,,,,,,,
2025-05-03,Saturday,Deadlift,336.2,3,5,414.5,489,57,113,58.4,36.5,,,,,,,,,,,,,
2025-05-02,Friday,Bench Press,181.9,1,3,222.7,428,66,77,57.9,39.1,,,,,,,,,,,,,
2025-05-02,Friday,Bench Press,170.9,4,5,218.3,428,66,77,57.9,39.1,,,,,,,,,,,,,
2025-05-02,Friday,Bench Press,170.9,4,5,218.3,428,66,77,57.9,39.1,,,,,,,,,,,,,
2025-05-02,Friday,Bench Press,170.9,4,7,205,428,66,77,57.9,39.1,,,,,,,,,,,,,
2025-05-02,Friday,Bench Press,170.9,4,6,209.4,428,66,77,57.9,39.1,,,,,,,,,,,,,
2025-04-30,Wednesday,Long Pause Bench,154.3,4,4,207.2,370,35,93,52.9,49,,,,,,,,,,,,,
2025-04-30,Wednesday,Long Pause Bench,154.3,4,4,207.2,370,35,93,52.9,49,,,,,,,,,,,,,
2025-04-30,Wednesday,Long Pause Bench,154.3,4,4,207.2,370,35,93,52.9,49,,,,,,,,,,,,,
2025-04-30,Wednesday,Long Pause Bench,154.3,4,4,207.2,370,35,93,52.9,49,,,,,,,,,,,,,
2025-04-29,Tuesday,Pause Squat,220.5,3,5,273.4,380,43,79,59,31,,,,,,,,,,,,,
2025-04-29,Tuesday,Pause Squat,220.5,3,5,273.4,380,43,79,59,31,,,,,,,,,,,,,
2025-04-29,Tuesday,Pause Squat,220.5,3,5,273.4,380,43,79,59,31,,,,,,,,,,,,,
2025-04-29,Tuesday,Pause Squat,220.5,3,5,273.4,380,43,79,59,31,,,,,,,,,,,,,
2025-04-29,Tuesday,Deadlift,292.1,5,5,388,380,43,79,59,31,,,,,,,,,,,,,
2025-04-29,Tuesday,Deadlift,292.1,5,5,388,380,43,79,59,31,,,,,,,,,,,,,
2025-04-28,Monday,Touch and Go Bench,165.3,5,5,220.5,576,76,114,57.3,42.3,,,,,,,,,,,,,
2025-04-28,Monday,Touch and Go Bench,165.3,5,5,220.5,576,76,114,57.3,42.3,,,,,,,,,,,,,
2025-04-28,Monday,Touch and Go Bench,165.3,5,5,220.5,576,76,114,57.3,42.3,,,,,,,,,,,,,
2025-04-28,Monday,Touch and Go Bench,165.3,5,5,220.5,576,76,114,57.3,42.3,,,,,,,,,,,,,
2025-04-26,Saturday,Squat,264.6,1,5,306.4,554,53,113,61,36.7,,,,,,,,,,,,,
2025-04-26,Saturday,Squat,253.5,4,5,328.5,554,53,113,61,36.7,,,,,,,,,,,,,
2025-04-26,Saturday,Squat,253.5,4,5,328.5,554,53,113,61,36.7,,,,,,,,,,,,,
2025-04-26,Saturday,Deadlift,341.7,1,5,394.6,554,53,113,61,36.7,,,,,,,,,,,,,
2025-04-26,Saturday,Deadlift,330.7,3,5,410.1,554,53,113,61,36.7,,,,,,,,,,,,,
2025-04-26,Saturday,Deadlift,330.7,3,5,410.1,554,53,113,61,36.7,,,,,,,,,,,,,
2025-04-25,Friday,Bench Press,181.9,1,5,209.4,495,51,110,55.3,46.2,,,,,,,,,,,,,
2025-04-25,Friday,Bench Press,170.9,4,6,209.4,495,51,110,55.3,46.2,,,,,,,,,,,,,
2025-04-25,Friday,Bench Press,170.9,4,6,209.4,495,51,110,55.3,46.2,,,,,,,,,,,,,
2025-04-25,Friday,Bench Press,170.9,4,7,205,495,51,110,55.3,46.2,,,,,,,,,,,,,
2025-04-23,Wednesday,Long Pause Bench,159.8,4,4,211.6,,,,,,,,,,,,,,,,,,
2025-04-23,Wednesday,Long Pause Bench,159.8,4,6,198.4,,,,,,,,,,,,,,,,,,
2025-04-23,Wednesday,Long Pause Bench,159.8,4,6,198.4,,,,,,,,,,,,,,,,,,
2025-04-23,Wednesday,Long Pause Bench,159.8,4,9,180.8,,,,,,,,,,,,,,,,,,
2025-04-22,Tuesday,Pause Squat,226,3,6,269,304,34,62,57,37,,,,,,,,,,,,,
2025-04-22,Tuesday,Pause Squat,226,3,6,269,304,34,62,57,37,,,,,,,,,,,,,
2025-04-22,Tuesday,Pause Squat,226,3,6,269,304,34,62,57,37,,,,,,,,,,,,,
2025-04-22,Tuesday,Deadlift,308.6,4,5,396.8,304,34,62,57,37,,,,,,,,,,,,,
2025-04-22,Tuesday,Deadlift,308.6,4,5,396.8,304,34,62,57,37,,,,,,,,,,,,,
2025-04-21,Monday,Touch and Go Bench,165.3,6,5,227.1,575,59,95,57.2,45.9,,,,,,,,,,,,,
2025-04-21,Monday,Touch and Go Bench,165.3,6,5,227.1,575,59,95,57.2,45.9,,,,,,,,,,,,,
2025-04-21,Monday,Touch and Go Bench,165.3,6,5,227.1,575,59,95,57.2,45.9,,,,,,,,,,,,,
2025-04-19,Saturday,Squat,314.2,1,10,315.3,405,46,53,55,54,,,,,,,,,,,,,
2025-04-19,Saturday,Squat,270.1,2,6,313.1,405,46,53,55,54,,,,,,,,,,,,,
2025-04-19,Saturday,Squat,270.1,2,6,313.1,405,46,53,55,54,,,,,,,,,,,,,
2025-04-19,Saturday,Long Pause Bench,159.8,3,3,211.6,405,46,53,55,54,,,,,,,,,,,,,
2025-04-19,Saturday,Long Pause Bench,159.8,3,3,211.6,405,46,53,55,54,,,,,,,,,,,,,
2025-04-19,Saturday,Long Pause Bench,159.8,3,3,211.6,405,46,53,55,54,,,,,,,,,,,,,
2025-04-19,Saturday,Deadlift,402.3,1,9.5,405.7,405,46,53,55,54,,,,,,,,,,,,,
2025-04-19,Saturday,Deadlift,363.8,1,7,396.8,405,46,53,55,54,,,,,,,,,,,,,
2025-04-19,Saturday,Deadlift,363.8,1,7,396.8,405,46,53,55,54,,,,,,,,,,,,,
2025-04-18,Friday,Pause Squat,226,2,3,291,532,40,122,53,52.9,,,,,,,,,,,,,
2025-04-18,Friday,Pause Squat,226,2,4,280,532,40,122,53,52.9,,,,,,,,,,,,,
2025-04-18,Friday,Pause Squat,226,2,4,280,532,40,122,53,52.9,,,,,,,,,,,,,
2025-04-18,Friday,Deadlift,319.7,2,4,396.8,532,40,122,53,52.9,,,,,,,,,,,,,
2025-04-18,Friday,Deadlift,319.7,2,4,396.8,532,40,122,53,52.9,,,,,,,,,,,,,
2025-04-18,Friday,Deadlift,319.7,2,4,396.8,532,40,122,53,52.9,,,,,,,,,,,,,
2025-04-18,Friday,Bench Press,209.4,1,10,209.4,532,40,122,53,52.9,,,,,,,,,,,,,
2025-04-18,Friday,Bench Press,176.4,2,5,209.4,532,40,122,53,52.9,,,,,,,,,,,,,
2025-04-18,Friday,Bench Press,176.4,2,5,209.4,532,40,122,53,52.9,,,,,,,,,,,,,
2025-04-16,Wednesday,Touch and Go Bench,176.4,4,4,231.5,513,46,101,55,45,,,,,,,,,,,,,
2025-04-16,Wednesday,Touch and Go Bench,176.4,4,5,224.9,513,46,101,55,45,,,,,,,,,,,,,
2025-04-16,Wednesday,Touch and Go Bench,176.4,4,5,224.9,513,46,101,55,45,,,,,,,,,,,,,
2025-04-16,Wednesday,Touch and Go Bench,176.4,4,7,209.4,513,46,101,55,45,,,,,,,,,,,,,
2025-04-12,Saturday,Squat,308.6,1,8.5,321.9,575,47,124,57.7,47.5,,,,,,,,,,,,,
2025-04-12,Saturday,Squat,308.6,1,8,328.5,575,47,124,57.7,47.5,,,,,,,,,,,,,
2025-04-12,Saturday,Squat,270.1,2,5,324.1,575,47,124,57.7,47.5,,,,,,,,,,,,,
2025-04-12,Saturday,Squat,270.1,2,5,324.1,575,47,124,57.7,47.5,,,,,,,,,,,,,
2025-04-12,Saturday,Squat,270.1,2,5,324.1,575,47,124,57.7,47.5,,,,,,,,,,,,,
2025-04-12,Saturday,Long Pause Bench,159.8,4,4,211.6,575,47,124,57.7,47.5,,,,,,,,,,,,,
2025-04-12,Saturday,Long Pause Bench,159.8,4,4,211.6,575,47,124,57.7,47.5,,,,,,,,,,,,,
2025-04-12,Saturday,Long Pause Bench,159.8,4,4,211.6,575,47,124,57.7,47.5,,,,,,,,,,,,,
2025-04-12,Saturday,Long Pause Bench,159.8,4,4,211.6,575,47,124,57.7,47.5,,,,,,,,,,,,,
2025-04-12,Saturday,Deadlift,396.8,1,7.5,425.5,575,47,124,57.7,47.5,,,,,,,,,,,,,
2025-04-12,Saturday,Deadlift,396.8,1,8.5,412.3,575,47,124,57.7,47.5,,,,,,,,,,,,,
2025-04-12,Saturday,Deadlift,363.8,1,6,410.1,575,47,124,57.7,47.5,,,,,,,,,,,,,
2025-04-12,Saturday,Deadlift,363.8,1,6,410.1,575,47,124,57.7,47.5,,,,,,,,,,,,,
2025-04-12,Saturday,Deadlift,363.8,1,6,410.1,575,47,124,57.7,47.5,,,,,,,,,,,,,
2025-04-12,Saturday,Deadlift,363.8,1,7,396.8,575,47,124,57.7,47.5,,,,,,,,,,,,,
2025-04-11,Friday,Pause Squat,226,3,4,291,461,19,124,54.9,50,,,,,,,,,,,,,
2025-04-11,Friday,Pause Squat,226,3,4,291,461,19,124,54.9,50,,,,,,,,,,,,,
2025-04-11,Friday,Pause Squat,226,3,4,291,461,19,124,54.9,50,,,,,,,,,,,,,
2025-04-11,Friday,Pause Squat,226,3,4,291,461,19,124,54.9,50,,,,,,,,,,,,,
2025-04-11,Friday,Deadlift,319.7,3,3,427.7,461,19,124,54.9,50,,,,,,,,,,,,,
2025-04-11,Friday,Deadlift,319.7,3,3,427.7,461,19,124,54.9,50,,,,,,,,,,,,,
2025-04-11,Friday,Deadlift,319.7,3,4,412.3,461,19,124,54.9,50,,,,,,,,,,,,,
2025-04-11,Friday,Bench Press,203.9,1,8.5,216.1,461,19,124,54.9,50,,,,,,,,,,,,,
2025-04-11,Friday,Bench Press,203.9,1,8.5,216.1,461,19,124,54.9,50,,,,,,,,,,,,,
2025-04-11,Friday,Bench Press,176.4,2,4.5,211.6,461,19,124,54.9,50,,,,,,,,,,,,,
2025-04-11,Friday,Bench Press,176.4,2,4.5,211.6,461,19,124,54.9,50,,,,,,,,,,,,,
2025-04-11,Friday,Bench Press,176.4,2,4.5,211.6,461,19,124,54.9,50,,,,,,,,,,,,,
2025-04-11,Friday,Bench Press,176.4,2,4.5,211.6,461,19,124,54.9,50,,,,,,,,,,,,,
2025-04-09,Wednesday,Touch and Go Bench,176.4,5,5,231.5,556,47,96,54.4,51.8,,,,,,,,,,,,,
2025-04-09,Wednesday,Touch and Go Bench,176.4,5,3,253.5,556,47,96,54.4,51.8,,,,,,,,,,,,,
2025-04-09,Wednesday,Touch and Go Bench,176.4,5,3,253.5,556,47,96,54.4,51.8,,,,,,,,,,,,,
2025-04-09,Wednesday,Touch and Go Bench,176.4,5,4,242.5,556,47,96,54.4,51.8,,,,,,,,,,,,,
2025-04-09,Wednesday,Touch and Go Bench,176.4,5,4,242.5,556,47,96,54.4,51.8,,,,,,,,,,,,,
2025-04-05,Saturday,Squat,303.1,1,8,321.9,533,27,98,60.4,41.9,,,,,,,,,,,,,
2025-04-05,Saturday,Squat,303.1,1,8,321.9,533,27,98,60.4,41.9,,,,,,,,,,,,,
2025-04-05,Saturday,Squat,264.6,2,5,317.5,533,27,98,60.4,41.9,,,,,,,,,,,,,
2025-04-05,Saturday,Squat,264.6,2,5,317.5,533,27,98,60.4,41.9,,,,,,,,,,,,,
2025-04-05,Saturday,Squat,264.6,2,5,317.5,533,27,98,60.4,41.9,,,,,,,,,,,,,
2025-04-05,Saturday,Long Pause Bench,159.8,4,6,198.4,533,27,98,60.4,41.9,,,,,,,,,,,,,
2025-04-05,Saturday,Long Pause Bench,159.8,4,6,198.4,533,27,98,60.4,41.9,,,,,,,,,,,,,
2025-04-05,Saturday,Long Pause Bench,159.8,4,7,191.8,533,27,98,60.4,41.9,,,,,,,,,,,,,
2025-04-05,Saturday,Long Pause Bench,159.8,4,7,191.8,533,27,98,60.4,41.9,,,,,,,,,,,,,
2025-04-05,Saturday,Deadlift,391.3,1,8,412.3,533,27,98,60.4,41.9,,,,,,,,,,,,,
2025-04-05,Saturday,Deadlift,391.3,1,8,412.3,533,27,98,60.4,41.9,,,,,,,,,,,,,
2025-04-05,Saturday,Deadlift,352.7,1,5,412.3,533,27,98,60.4,41.9,,,,,,,,,,,,,
2025-04-05,Saturday,Deadlift,352.7,1,5,412.3,533,27,98,60.4,41.9,,,,,,,,,,,,,
2025-04-05,Saturday,Deadlift,352.7,1,5,412.3,533,27,98,60.4,41.9,,,,,,,,,,,,,
2025-04-05,Saturday,Deadlift,352.7,1,5,412.3,533,27,98,60.4,41.9,,,,,,,,,,,,,
2025-04-04,Friday,Pause Squat,226,3,6,269,516,61,135,54.1,48.7,,,,,,,,,,,,,
2025-04-04,Friday,Pause Squat,226,3,6,269,516,61,135,54.1,48.7,,,,,,,,,,,,,
2025-04-04,Friday,Pause Squat,226,3,6,269,516,61,135,54.1,48.7,,,,,,,,,,,,,
2025-04-04,Friday,Pause Squat,226,3,6,269,516,61,135,54.1,48.7,,,,,,,,,,,,,
2025-04-04,Friday,Deadlift,319.7,3,3,427.7,516,61,135,54.1,48.7,,,,,,,,,,,,,
2025-04-04,Friday,Deadlift,319.7,3,3,427.7,516,61,135,54.1,48.7,,,,,,,,,,,,,
2025-04-04,Friday,Deadlift,319.7,3,3,427.7,516,61,135,54.1,48.7,,,,,,,,,,,,,
2025-04-04,Friday,Bench Press,198.4,1,8.5,207.2,516,61,135,54.1,48.7,,,,,,,,,,,,,
2025-04-04,Friday,Bench Press,198.4,1,9,205,516,61,135,54.1,48.7,,,,,,,,,,,,,
2025-04-04,Friday,Bench Press,170.9,2,6,198.4,516,61,135,54.1,48.7,,,,,,,,,,,,,
2025-04-04,Friday,Bench Press,170.9,2,5,205,516,61,135,54.1,48.7,,,,,,,,,,,,,
2025-04-04,Friday,Bench Press,170.9,2,5,205,516,61,135,54.1,48.7,,,,,,,,,,,,,
2025-04-04,Friday,Bench Press,170.9,2,5,205,516,61,135,54.1,48.7,,,,,,,,,,,,,
2025-04-02,Wednesday,Touch and Go Bench,176.4,5,5,231.5,486,48,107,55.7,47.8,,,,,,,,,,,,,
2025-04-02,Wednesday,Touch and Go Bench,176.4,5,5,231.5,486,48,107,55.7,47.8,,,,,,,,,,,,,
2025-04-02,Wednesday,Touch and Go Bench,176.4,5,5,231.5,486,48,107,55.7,47.8,,,,,,,,,,,,,
2025-04-02,Wednesday,Touch and Go Bench,176.4,5,4.5,238.1,486,48,107,55.7,47.8,,,,,,,,,,,,,
2025-04-02,Wednesday,Touch and Go Bench,176.4,5,4,242.5,486,48,107,55.7,47.8,,,,,,,,,,,,,
2025-03-29,Saturday,Squat,297.6,1,7.5,321.9,411,47,137,55.9,49,,,,,,,,,,,,,
2025-03-29,Saturday,Squat,297.6,1,7,328.5,411,47,137,55.9,49,,,,,,,,,,,,,
2025-03-29,Saturday,Squat,253.5,3,5,317.5,411,47,137,55.9,49,,,,,,,,,,,,,
2025-03-29,Saturday,Squat,253.5,3,5,317.5,411,47,137,55.9,49,,,,,,,,,,,,,
2025-03-29,Saturday,Squat,253.5,3,5,317.5,411,47,137,55.9,49,,,,,,,,,,,,,
2025-03-29,Saturday,Long Pause Bench,159.8,4,6,198.4,411,47,137,55.9,49,,,,,,,,,,,,,
2025-03-29,Saturday,Long Pause Bench,159.8,4,6,198.4,411,47,137,55.9,49,,,,,,,,,,,,,
2025-03-29,Saturday,Long Pause Bench,159.8,4,6,198.4,411,47,137,55.9,49,,,,,,,,,,,,,
2025-03-29,Saturday,Long Pause Bench,159.8,4,6,198.4,411,47,137,55.9,49,,,,,,,,,,,,,
2025-03-29,Saturday,Long Pause Bench,159.8,4,5,205,411,47,137,55.9,49,,,,,,,,,,,,,
2025-03-29,Saturday,Deadlift,380.3,1,7,414.5,411,47,137,55.9,49,,,,,,,,,,,,,
2025-03-29,Saturday,Deadlift,380.3,1,7,414.5,411,47,137,55.9,49,,,,,,,,,,,,,
2025-03-29,Saturday,Deadlift,341.7,2,4.5,414.5,411,47,137,55.9,49,,,,,,,,,,,,,
2025-03-29,Saturday,Deadlift,341.7,2,5,407.9,411,47,137,55.9,49,,,,,,,,,,,,,
2025-03-29,Saturday,Deadlift,341.7,2,5,407.9,411,47,137,55.9,49,,,,,,,,,,,,,
2025-03-28,Friday,Pause Squat,226,3,5,280,646,96,171,54.7,48.5,,,,,,,,,,,,,
2025-03-28,Friday,Pause Squat,226,3,5,280,646,96,171,54.7,48.5,,,,,,,,,,,,,
2025-03-28,Friday,Pause Squat,226,3,5,280,646,96,171,54.7,48.5,,,,,,,,,,,,,
2025-03-28,Friday,Pause Squat,226,3,5,280,646,96,171,54.7,48.5,,,,,,,,,,,,,
2025-03-28,Friday,Deadlift,319.7,3,5,396.8,646,96,171,54.7,48.5,,,,,,,,,,,,,
2025-03-28,Friday,Deadlift,319.7,3,5,396.8,646,96,171,54.7,48.5,,,,,,,,,,,,,
2025-03-28,Friday,Deadlift,319.7,3,5,396.8,646,96,171,54.7,48.5,,,,,,,,,,,,,
2025-03-28,Friday,Bench Press,192.9,1,9,200.6,646,96,171,54.7,48.5,,,,,,,,,,,,,
2025-03-28,Friday,Bench Press,192.9,1,8.5,202.8,646,96,171,54.7,48.5,,,,,,,,,,,,,
2025-03-28,Friday,Bench Press,165.3,3,5,205,646,96,171,54.7,48.5,,,,,,,,,,,,,
2025-03-28,Friday,Bench Press,165.3,3,5,205,646,96,171,54.7,48.5,,,,,,,,,,,,,
2025-03-28,Friday,Bench Press,165.3,3,5,205,646,96,171,54.7,48.5,,,,,,,,,,,,,
2025-03-28,Friday,Bench Press,165.3,3,5,205,646,96,171,54.7,48.5,,,,,,,,,,,,,
2025-03-26,Wednesday,Touch and Go Bench,176.4,5,6,224.9,498,62,127,55.4,49.3,,,,,,,,,,,,,
2025-03-26,Wednesday,Touch and Go Bench,176.4,5,6,224.9,498,62,127,55.4,49.3,,,,,,,,,,,,,
2025-03-26,Wednesday,Touch and Go Bench,176.4,5,6,224.9,498,62,127,55.4,49.3,,,,,,,,,,,,,
2025-03-26,Wednesday,Touch and Go Bench,176.4,5,5,231.5,498,62,127,55.4,49.3,,,,,,,,,,,,,
2025-03-26,Wednesday,Touch and Go Bench,176.4,5,5,231.5,498,62,127,55.4,49.3,,,,,,,,,,,,,
2025-03-22,Saturday,Squat,286.6,1,6,319.7,679,54,134,61.2,38.2,,,,,,,,,,,,,
2025-03-22,Saturday,Squat,286.6,1,6,319.7,679,54,134,61.2,38.2,,,,,,,,,,,,,
2025-03-22,Saturday,Squat,253.5,3,5,317.5,679,54,134,61.2,38.2,,,,,,,,,,,,,
2025-03-22,Saturday,Squat,253.5,3,5,317.5,679,54,134,61.2,38.2,,,,,,,,,,,,,
2025-03-22,Saturday,Squat,253.5,3,5,317.5,679,54,134,61.2,38.2,,,,,,,,,,,,,
2025-03-22,Saturday,Long Pause Bench,154.3,4,5,200.6,679,54,134,61.2,38.2,,,,,,,,,,,,,
2025-03-22,Saturday,Long Pause Bench,154.3,4,5,200.6,679,54,134,61.2,38.2,,,,,,,,,,,,,
2025-03-22,Saturday,Long Pause Bench,154.3,4,5,200.6,679,54,134,61.2,38.2,,,,,,,,,,,,,
2025-03-22,Saturday,Long Pause Bench,154.3,4,5,200.6,679,54,134,61.2,38.2,,,,,,,,,,,,,
2025-03-22,Saturday,Long Pause Bench,154.3,4,5,200.6,679,54,134,61.2,38.2,,,,,,,,,,,,,
2025-03-22,Saturday,Deadlift,374.8,1,8,396.8,679,54,134,61.2,38.2,,,,,,,,,,,,,
2025-03-22,Saturday,Deadlift,374.8,1,8,396.8,679,54,134,61.2,38.2,,,,,,,,,,,,,
2025-03-22,Saturday,Deadlift,341.7,2,8,370.4,679,54,134,61.2,38.2,,,,,,,,,,,,,
2025-03-22,Saturday,Deadlift,341.7,2,8,370.4,679,54,134,61.2,38.2,,,,,,,,,,,,,
2025-03-22,Saturday,Deadlift,341.7,2,8,370.4,679,54,134,61.2,38.2,,,,,,,,,,,,,
2025-03-21,Friday,Pause Squat,215,3,6,257.9,702,45,151,62.4,31.3,,,,,,,,,,,,,
2025-03-21,Friday,Pause Squat,215,3,6,257.9,702,45,151,62.4,31.3,,,,,,,,,,,,,
2025-03-21,Friday,Pause Squat,215,3,6,257.9,702,45,151,62.4,31.3,,,,,,,,,,,,,
2025-03-21,Friday,Pause Squat,215,3,5,266.8,702,45,151,62.4,31.3,,,,,,,,,,,,,
2025-03-21,Friday,Deadlift,319.7,3,4,412.3,702,45,151,62.4,31.3,,,,,,,,,,,,,
2025-03-21,Friday,Deadlift,319.7,3,4,412.3,702,45,151,62.4,31.3,,,,,,,,,,,,,
2025-03-21,Friday,Deadlift,319.7,3,5,396.8,702,45,151,62.4,31.3,,,,,,,,,,,,,
2025-03-21,Friday,Bench Press,187.4,1,7,202.8,702,45,151,62.4,31.3,,,,,,,,,,,,,
2025-03-21,Friday,Bench Press,187.4,1,7,202.8,702,45,151,62.4,31.3,,,,,,,,,,,,,
2025-03-21,Friday,Bench Press,165.3,3,7,191.8,702,45,151,62.4,31.3,,,,,,,,,,,,,
2025-03-21,Friday,Bench Press,165.3,3,5,205,702,45,151,62.4,31.3,,,,,,,,,,,,,
2025-03-21,Friday,Bench Press,165.3,3,6,198.4,702,45,151,62.4,31.3,,,,,,,,,,,,,
2025-03-21,Friday,Bench Press,165.3,3,6,198.4,702,45,151,62.4,31.3,,,,,,,,,,,,,
2025-03-19,Wednesday,Touch and Go Bench,170.9,5,4,235.9,96,24,4,58,41,,,,,,,,,,,,,
2025-03-19,Wednesday,Touch and Go Bench,170.9,5,4,235.9,96,24,4,58,41,,,,,,,,,,,,,
2025-03-19,Wednesday,Touch and Go Bench,170.9,5,5,227.1,96,24,4,58,41,,,,,,,,,,,,,
2025-03-19,Wednesday,Touch and Go Bench,170.9,5,5,227.1,96,24,4,58,41,,,,,,,,,,,,,
2025-03-19,Wednesday,Touch and Go Bench,170.9,5,6,218.3,96,24,4,58,41,,,,,,,,,,,,,
2025-03-15,Saturday,Squat,264.6,1,3,330.7,473,55,134,55,50,,,,,,,,,,,,,
2025-03-15,Saturday,Squat,264.6,1,3,330.7,473,55,134,55,50,,,,,,,,,,,,,
2025-03-15,Saturday,Squat,264.6,6,8,330.7,473,55,134,55,50,,,,,,,,,,,,,
2025-03-15,Saturday,Long Pause Bench,154.3,3,4,200.6,473,55,134,55,50,,,,,,,,,,,,,
2025-03-15,Saturday,Long Pause Bench,154.3,3,4,200.6,473,55,134,55,50,,,,,,,,,,,,,
2025-03-15,Saturday,Long Pause Bench,154.3,3,4,200.6,473,55,134,55,50,,,,,,,,,,,,,
2025-03-15,Saturday,Long Pause Bench,154.3,3,4,200.6,473,55,134,55,50,,,,,,,,,,,,,
2025-03-15,Saturday,Long Pause Bench,154.3,3,4,200.6,473,55,134,55,50,,,,,,,,,,,,,
2025-03-15,Saturday,Deadlift,363.8,1,5,425.5,473,55,134,55,50,,,,,,,,,,,,,
2025-03-15,Saturday,Deadlift,363.8,1,6,410.1,473,55,134,55,50,,,,,,,,,,,,,
2025-03-15,Saturday,Deadlift,363.8,5,9.5,416.7,473,55,134,55,50,,,,,,,,,,,,,
2025-03-14,Friday,Pause Squat,215,2,5,257.9,335,52,82,54,47,,,,,,,,,,,,,
2025-03-14,Friday,Pause Squat,215,2,5,257.9,335,52,82,54,47,,,,,,,,,,,,,
2025-03-14,Friday,Pause Squat,215,2,5,257.9,335,52,82,54,47,,,,,,,,,,,,,
2025-03-14,Friday,Deadlift,319.7,2,5,385.8,335,52,82,54,47,,,,,,,,,,,,,
2025-03-14,Friday,Deadlift,319.7,2,5,385.8,335,52,82,54,47,,,,,,,,,,,,,
2025-03-14,Friday,Bench Press,176.4,1,5,202.8,335,52,82,54,47,,,,,,,,,,,,,
2025-03-14,Friday,Bench Press,176.4,1,5,202.8,335,52,82,54,47,,,,,,,,,,,,,
2025-03-14,Friday,Bench Press,176.4,6,7,224.9,335,52,82,54,47,,,,,,,,,,,,,
2025-03-12,Wednesday,Touch and Go Bench,170.9,4,3,235.9,6,1,0,0,,,,,,,,,,,,,,
2025-03-12,Wednesday,Touch and Go Bench,170.9,4,3,235.9,6,1,0,0,,,,,,,,,,,,,,
2025-03-12,Wednesday,Touch and Go Bench,170.9,4,3,235.9,6,1,0,0,,,,,,,,,,,,,,
2025-03-12,Wednesday,Touch and Go Bench,170.9,4,3,235.9,6,1,0,0,,,,,,,,,,,,,,
2025-03-08,Saturday,Squat,264.6,3,4,339.5,523,106,139,60,42,,,,,,,,,,,,,
2025-03-08,Saturday,Squat,248,3,3.5,328.5,523,106,139,60,42,,,,,,,,,,,,,
2025-03-08,Saturday,Squat,248,3,2,348.3,523,106,139,60,42,,,,,,,,,,,,,
2025-03-08,Saturday,Squat,248,3,2,348.3,523,106,139,60,42,,,,,,,,,,,,,
2025-03-08,Saturday,Squat,248,3,2,348.3,523,106,139,60,42,,,,,,,,,,,,,
2025-03-08,Saturday,Long Pause Bench,154.3,4,3.5,209.4,523,106,139,60,42,,,,,,,,,,,,,
2025-03-08,Saturday,Long Pause Bench,154.3,4,2,222.7,523,106,139,60,42,,,,,,,,,,,,,
2025-03-08,Saturday,Long Pause Bench,154.3,4,3,216.1,523,106,139,60,42,,,,,,,,,,,,,
2025-03-08,Saturday,Long Pause Bench,154.3,4,4,207.2,523,106,139,60,42,,,,,,,,,,,,,
2025-03-08,Saturday,Long Pause Bench,154.3,4,4,207.2,523,106,139,60,42,,,,,,,,,,,,,
2025-03-08,Saturday,Deadlift,363.8,3,11,374.8,523,106,139,60,42,,,,,,,,,,,,,
2025-03-08,Saturday,Deadlift,347.2,2,10,354.9,523,106,139,60,42,,,,,,,,,,,,,
2025-03-08,Saturday,Deadlift,347.2,2,7,388,523,106,139,60,42,,,,,,,,,,,,,
2025-03-08,Saturday,Deadlift,347.2,2,9,366,523,106,139,60,42,,,,,,,,,,,,,
2025-03-08,Saturday,Deadlift,347.2,2,9.5,359.4,523,106,139,60,42,,,,,,,,,,,,,
2025-03-07,Friday,Pause Squat,220.5,3,3,293.2,,,,,,,,,,,,,,,,,,
2025-03-07,Friday,Pause Squat,220.5,3,3,293.2,,,,,,,,,,,,,,,,,,
2025-03-07,Friday,Pause Squat,220.5,3,3,293.2,,,,,,,,,,,,,,,,,,
2025-03-07,Friday,Pause Squat,220.5,3,3,293.2,,,,,,,,,,,,,,,,,,
2025-03-07,Friday,Deadlift,325.2,3,5,403.4,,,,,,,,,,,,,,,,,,
2025-03-07,Friday,Deadlift,325.2,3,5,403.4,,,,,,,,,,,,,,,,,,
2025-03-07,Friday,Deadlift,325.2,3,5,403.4,,,,,,,,,,,,,,,,,,
2025-03-07,Friday,Bench Press,176.4,4,6.5,211.6,,,,,,,,,,,,,,,,,,
2025-03-07,Friday,Bench Press,165.3,4,5,211.6,,,,,,,,,,,,,,,,,,
2025-03-07,Friday,Bench Press,165.3,4,5,211.6,,,,,,,,,,,,,,,,,,
2025-03-07,Friday,Bench Press,165.3,4,5,211.6,,,,,,,,,,,,,,,,,,
2025-03-07,Friday,Bench Press,165.3,4,5,211.6,,,,,,,,,,,,,,,,,,
2025-03-07,Friday,Bench Press,165.3,4,4.5,216.1,,,,,,,,,,,,,,,,,,
2025-03-05,Wednesday,Touch and Go Bench,170.9,5,5,227.1,512,29,128,57.7,44,,,,,,,,,,,,,
2025-03-05,Wednesday,Touch and Go Bench,170.9,5,5,227.1,512,29,128,57.7,44,,,,,,,,,,,,,
2025-03-05,Wednesday,Touch and Go Bench,170.9,5,5,227.1,512,29,128,57.7,44,,,,,,,,,,,,,
2025-03-05,Wednesday,Touch and Go Bench,170.9,5,5,227.1,512,29,128,57.7,44,,,,,,,,,,,,,
2025-03-05,Wednesday,Touch and Go Bench,170.9,5,5,227.1,512,29,128,57.7,44,,,,,,,,,,,,,
2025-03-01,Saturday,Squat,264.6,2,6,306.4,,,,,,,,,,,,,,,,,,
2025-03-01,Saturday,Squat,242.5,3,6,295.4,,,,,,,,,,,,,,,,,,
2025-03-01,Saturday,Squat,242.5,3,6,295.4,,,,,,,,,,,,,,,,,,
2025-03-01,Saturday,Squat,242.5,3,6,295.4,,,,,,,,,,,,,,,,,,
2025-03-01,Saturday,Squat,242.5,3,5,304.2,,,,,,,,,,,,,,,,,,
2025-03-01,Saturday,Long Pause Bench,154.3,4,4,207.2,,,,,,,,,,,,,,,,,,
2025-03-01,Saturday,Long Pause Bench,154.3,4,4,207.2,,,,,,,,,,,,,,,,,,
2025-03-01,Saturday,Long Pause Bench,154.3,4,4,207.2,,,,,,,,,,,,,,,,,,
2025-03-01,Saturday,Long Pause Bench,154.3,4,4,207.2,,,,,,,,,,,,,,,,,,
2025-03-01,Saturday,Long Pause Bench,154.3,4,4.5,202.8,,,,,,,,,,,,,,,,,,
2025-03-01,Saturday,Deadlift,363.8,2,4,451.9,,,,,,,,,,,,,,,,,,
2025-03-01,Saturday,Deadlift,341.7,2,3.5,429.9,,,,,,,,,,,,,,,,,,
2025-03-01,Saturday,Deadlift,341.7,2,3.5,429.9,,,,,,,,,,,,,,,,,,
2025-03-01,Saturday,Deadlift,341.7,2,3.5,429.9,,,,,,,,,,,,,,,,,,
2025-03-01,Saturday,Deadlift,341.7,2,3.5,429.9,,,,,,,,,,,,,,,,,,
2025-02-28,Friday,Pause Squat,215,3,4,277.8,390,47,104,58,37,,,,,,,,,,,,,
2025-02-28,Friday,Pause Squat,215,3,4,277.8,390,47,104,58,37,,,,,,,,,,,,,
2025-02-28,Friday,Pause Squat,215,3,4,277.8,390,47,104,58,37,,,,,,,,,,,,,
2025-02-28,Friday,Pause Squat,215,3,3.5,282.2,390,47,104,58,37,,,,,,,,,,,,,
2025-02-28,Friday,Deadlift,319.7,3,5,396.8,390,47,104,58,37,,,,,,,,,,,,,
2025-02-28,Friday,Deadlift,319.7,3,5,396.8,390,47,104,58,37,,,,,,,,,,,,,
2025-02-28,Friday,Deadlift,319.7,3,4,412.3,390,47,104,58,37,,,,,,,,,,,,,
2025-02-28,Friday,Bench Press,176.4,3,4,224.9,390,47,104,58,37,,,,,,,,,,,,,
2025-02-28,Friday,Bench Press,165.3,4,4.5,216.1,390,47,104,58,37,,,,,,,,,,,,,
2025-02-28,Friday,Bench Press,165.3,4,4,220.5,390,47,104,58,37,,,,,,,,,,,,,
2025-02-28,Friday,Bench Press,165.3,4,4,220.5,390,47,104,58,37,,,,,,,,,,,,,
2025-02-28,Friday,Bench Press,165.3,4,4,220.5,390,47,104,58,37,,,,,,,,,,,,,
2025-02-28,Friday,Bench Press,165.3,4,4,220.5,390,47,104,58,37,,,,,,,,,,,,,
2025-02-26,Wednesday,Touch and Go Bench,165.3,5,4,227.1,557,49,143,53,58,,,,,,,,,,,,,
2025-02-26,Wednesday,Touch and Go Bench,165.3,5,4,227.1,557,49,143,53,58,,,,,,,,,,,,,
2025-02-26,Wednesday,Touch and Go Bench,165.3,5,4,227.1,557,49,143,53,58,,,,,,,,,,,,,
2025-02-26,Wednesday,Touch and Go Bench,165.3,5,4,227.1,557,49,143,53,58,,,,,,,,,,,,,
2025-02-26,Wednesday,Touch and Go Bench,165.3,5,5,220.5,557,49,143,53,58,,,,,,,,,,,,,
2025-02-22,Saturday,Squat,264.6,1,6,297.6,445,61,119,51,70,,,,,,,,,,,,,
2025-02-22,Saturday,Squat,242.5,3,5,304.2,445,61,119,51,70,,,,,,,,,,,,,
2025-02-22,Saturday,Squat,242.5,3,6,295.4,445,61,119,51,70,,,,,,,,,,,,,
2025-02-22,Saturday,Squat,242.5,3,6,295.4,445,61,119,51,70,,,,,,,,,,,,,
2025-02-22,Saturday,Squat,242.5,3,6,295.4,445,61,119,51,70,,,,,,,,,,,,,
2025-02-22,Saturday,Long Pause Bench,148.8,4,3,207.2,445,61,119,51,70,,,,,,,,,,,,,
2025-02-22,Saturday,Long Pause Bench,148.8,4,3,207.2,445,61,119,51,70,,,,,,,,,,,,,
2025-02-22,Saturday,Long Pause Bench,148.8,4,3,207.2,445,61,119,51,70,,,,,,,,,,,,,
2025-02-22,Saturday,Long Pause Bench,148.8,4,3,207.2,445,61,119,51,70,,,,,,,,,,,,,
2025-02-22,Saturday,Long Pause Bench,148.8,4,4,200.6,445,61,119,51,70,,,,,,,,,,,,,
2025-02-22,Saturday,Deadlift,363.8,1,5,425.5,445,61,119,51,70,,,,,,,,,,,,,
2025-02-22,Saturday,Deadlift,330.7,2,3,425.5,445,61,119,51,70,,,,,,,,,,,,,
2025-02-22,Saturday,Deadlift,330.7,2,3,425.5,445,61,119,51,70,,,,,,,,,,,,,
2025-02-22,Saturday,Deadlift,330.7,2,3,425.5,445,61,119,51,70,,,,,,,,,,,,,
2025-02-22,Saturday,Deadlift,330.7,2,3,425.5,445,61,119,51,70,,,,,,,,,,,,,
2025-02-21,Friday,Pause Squat,203.9,3,4,262.4,627,88,165,53.5,65,,,,,,,,,,,,,
2025-02-21,Friday,Pause Squat,203.9,3,4,262.4,627,88,165,53.5,65,,,,,,,,,,,,,
2025-02-21,Friday,Pause Squat,203.9,3,4,262.4,627,88,165,53.5,65,,,,,,,,,,,,,
2025-02-21,Friday,Pause Squat,203.9,3,4,262.4,627,88,165,53.5,65,,,,,,,,,,,,,
2025-02-21,Friday,Deadlift,314.2,3,3,421.1,627,88,165,53.5,65,,,,,,,,,,,,,
2025-02-21,Friday,Deadlift,314.2,3,3,421.1,627,88,165,53.5,65,,,,,,,,,,,,,
2025-02-21,Friday,Deadlift,314.2,3,3,421.1,627,88,165,53.5,65,,,,,,,,,,,,,
2025-02-21,Friday,Bench Press,176.4,2,4,218.3,627,88,165,53.5,65,,,,,,,,,,,,,
2025-02-21,Friday,Bench Press,159.8,4,3,222.7,627,88,165,53.5,65,,,,,,,,,,,,,
2025-02-21,Friday,Bench Press,159.8,4,3,222.7,627,88,165,53.5,65,,,,,,,,,,,,,
2025-02-21,Friday,Bench Press,159.8,4,3,222.7,627,88,165,53.5,65,,,,,,,,,,,,,
2025-02-21,Friday,Bench Press,159.8,4,4,211.6,627,88,165,53.5,65,,,,,,,,,,,,,
2025-02-21,Friday,Bench Press,159.8,4,4,211.6,627,88,165,53.5,65,,,,,,,,,,,,,
2025-02-19,Wednesday,Touch and Go Bench,165.3,5,3,238.1,437,63,126,54.8,60,,,,,,,,,,,,,
2025-02-19,Wednesday,Touch and Go Bench,165.3,5,3,238.1,437,63,126,54.8,60,,,,,,,,,,,,,
2025-02-19,Wednesday,Touch and Go Bench,165.3,5,3,238.1,437,63,126,54.8,60,,,,,,,,,,,,,
2025-02-19,Wednesday,Touch and Go Bench,165.3,5,3,238.1,437,63,126,54.8,60,,,,,,,,,,,,,
2025-02-19,Wednesday,Touch and Go Bench,165.3,5,4,227.1,437,63,126,54.8,60,,,,,,,,,,,,,
2025-02-15,Saturday,Squat,264.6,1,4.5,313.1,394,41,123,56,51,,,,,,,,,,,,,
2025-02-15,Saturday,Squat,242.5,3,4,315.3,394,41,123,56,51,,,,,,,,,,,,,
2025-02-15,Saturday,Squat,242.5,3,4,315.3,394,41,123,56,51,,,,,,,,,,,,,
2025-02-15,Saturday,Squat,242.5,3,4,315.3,394,41,123,56,51,,,,,,,,,,,,,
2025-02-15,Saturday,Squat,242.5,3,4,315.3,394,41,123,56,51,,,,,,,,,,,,,
2025-02-15,Saturday,Long Pause Bench,148.8,4,4,200.6,394,41,123,56,51,,,,,,,,,,,,,
2025-02-15,Saturday,Long Pause Bench,148.8,4,4,200.6,394,41,123,56,51,,,,,,,,,,,,,
2025-02-15,Saturday,Long Pause Bench,148.8,4,4,200.6,394,41,123,56,51,,,,,,,,,,,,,
2025-02-15,Saturday,Long Pause Bench,148.8,4,4,200.6,394,41,123,56,51,,,,,,,,,,,,,
2025-02-15,Saturday,Deadlift,363.8,1,5,425.5,394,41,123,56,51,,,,,,,,,,,,,
2025-02-15,Saturday,Deadlift,330.7,2,5,394.6,394,41,123,56,51,,,,,,,,,,,,,
2025-02-15,Saturday,Deadlift,330.7,2,5,394.6,394,41,123,56,51,,,,,,,,,,,,,
2025-02-15,Saturday,Deadlift,330.7,2,5,394.6,394,41,123,56,51,,,,,,,,,,,,,
2025-02-15,Saturday,Deadlift,330.7,2,5,394.6,394,41,123,56,51,,,,,,,,,,,,,
2025-02-14,Friday,Pause Squat,203.9,3,3,273.4,539,93,135,57.5,49.2,,,,,,,,,,,,,
2025-02-14,Friday,Pause Squat,203.9,3,3,273.4,539,93,135,57.5,49.2,,,,,,,,,,,,,
2025-02-14,Friday,Pause Squat,203.9,3,3,273.4,539,93,135,57.5,49.2,,,,,,,,,,,,,
2025-02-14,Friday,Deadlift,314.2,3,5,390.2,539,93,135,57.5,49.2,,,,,,,,,,,,,
2025-02-14,Friday,Deadlift,314.2,3,5,390.2,539,93,135,57.5,49.2,,,,,,,,,,,,,
2025-02-14,Friday,Bench Press,176.4,1,3,218.3,539,93,135,57.5,49.2,,,,,,,,,,,,,
2025-02-14,Friday,Bench Press,159.8,4,3,222.7,539,93,135,57.5,49.2,,,,,,,,,,,,,
2025-02-14,Friday,Bench Press,159.8,4,3,222.7,539,93,135,57.5,49.2,,,,,,,,,,,,,
2025-02-14,Friday,Bench Press,159.8,4,3,222.7,539,93,135,57.5,49.2,,,,,,,,,,,,,
2025-02-14,Friday,Bench Press,159.8,4,4,211.6,539,93,135,57.5,49.2,,,,,,,,,,,,,
2025-02-12,Wednesday,Touch and Go Bench,165.3,5,4.5,224.9,401,23,79,55,57,,,,,,,,,,,,,
2025-02-12,Wednesday,Touch and Go Bench,165.3,5,4.5,224.9,401,23,79,55,57,,,,,,,,,,,,,
2025-02-12,Wednesday,Touch and Go Bench,165.3,5,4.5,224.9,401,23,79,55,57,,,,,,,,,,,,,
2025-02-12,Wednesday,Touch and Go Bench,165.3,5,4.5,224.9,401,23,79,55,57,,,,,,,,,,,,,
2025-02-12,Wednesday,Touch and Go Bench,165.3,5,4.5,224.9,401,23,79,55,57,,,,,,,,,,,,,
2025-02-08,Saturday,Squat,259,2,6,302,481,72,72,58.2,46.8,,,,,,,,,,,,,
2025-02-08,Saturday,Squat,259,2,6,302,481,72,72,58.2,46.8,,,,,,,,,,,,,
2025-02-08,Saturday,Squat,259,7,10,313.1,481,72,72,58.2,46.8,,,,,,,,,,,,,
2025-02-08,Saturday,Long Pause Bench,148.8,3,3,200.6,481,72,72,58.2,46.8,,,,,,,,,,,,,
2025-02-08,Saturday,Long Pause Bench,148.8,3,3,200.6,481,72,72,58.2,46.8,,,,,,,,,,,,,
2025-02-08,Saturday,Long Pause Bench,148.8,3,4,191.8,481,72,72,58.2,46.8,,,,,,,,,,,,,
2025-02-08,Saturday,Long Pause Bench,148.8,3,4,191.8,481,72,72,58.2,46.8,,,,,,,,,,,,,
2025-02-08,Saturday,Deadlift,352.7,1,6,399,481,72,72,58.2,46.8,,,,,,,,,,,,,
2025-02-08,Saturday,Deadlift,352.7,1,4,425.5,481,72,72,58.2,46.8,,,,,,,,,,,,,
2025-02-08,Saturday,Deadlift,352.7,6,10,412.3,481,72,72,58.2,46.8,,,,,,,,,,,,,
2025-02-07,Friday,Pause Squat,203.9,2,4,255.7,442,62,129,52,67,,,,,,,,,,,,,
2025-02-07,Friday,Pause Squat,203.9,2,4,255.7,442,62,129,52,67,,,,,,,,,,,,,
2025-02-07,Friday,Pause Squat,203.9,2,4,255.7,442,62,129,52,67,,,,,,,,,,,,,
2025-02-07,Friday,Deadlift,314.2,2,4,390.2,442,62,129,52,67,,,,,,,,,,,,,
2025-02-07,Friday,Deadlift,314.2,2,4,390.2,442,62,129,52,67,,,,,,,,,,,,,
2025-02-07,Friday,Bench Press,170.9,2,5,205,442,62,129,52,67,,,,,,,,,,,,,
2025-02-07,Friday,Bench Press,170.9,2,5,205,442,62,129,52,67,,,,,,,,,,,,,
2025-02-07,Friday,Bench Press,170.9,7,8,218.3,442,62,129,52,67,,,,,,,,,,,,,
2025-02-05,Wednesday,Touch and Go Bench,154.3,5,4,216.1,459,44,120,54,57,,,,,,,,,,,,,
2025-02-05,Wednesday,Touch and Go Bench,154.3,5,4,216.1,459,44,120,54,57,,,,,,,,,,,,,
2025-02-05,Wednesday,Touch and Go Bench,154.3,5,3,222.7,459,44,120,54,57,,,,,,,,,,,,,
2025-02-05,Wednesday,Touch and Go Bench,154.3,5,3,222.7,459,44,120,54,57,,,,,,,,,,,,,
2025-02-01,Saturday,Squat,259,3,5,321.9,515,85,138,53,58,,,,,,,,,,,,,
2025-02-01,Saturday,Squat,237,4,5,302,515,85,138,53,58,,,,,,,,,,,,,
2025-02-01,Saturday,Squat,237,4,5,302,515,85,138,53,58,,,,,,,,,,,,,
2025-02-01,Saturday,Squat,237,4,5,302,515,85,138,53,58,,,,,,,,,,,,,
2025-02-01,Saturday,Squat,237,4,5,302,515,85,138,53,58,,,,,,,,,,,,,
2025-02-01,Saturday,Long Pause Bench,159.8,4,5,205,515,85,138,53,58,,,,,,,,,,,,,
2025-02-01,Saturday,Long Pause Bench,159.8,4,5,205,515,85,138,53,58,,,,,,,,,,,,,
2025-02-01,Saturday,Long Pause Bench,159.8,4,5,205,515,85,138,53,58,,,,,,,,,,,,,
2025-02-01,Saturday,Long Pause Bench,159.8,4,5,205,515,85,138,53,58,,,,,,,,,,,,,
2025-02-01,Saturday,Long Pause Bench,159.8,4,5,205,515,85,138,53,58,,,,,,,,,,,,,
2025-02-01,Saturday,Deadlift,352.7,2,3,458.6,515,85,138,53,58,,,,,,,,,,,,,
2025-02-01,Saturday,Deadlift,330.7,3,4,425.5,515,85,138,53,58,,,,,,,,,,,,,
2025-02-01,Saturday,Deadlift,330.7,3,4,425.5,515,85,138,53,58,,,,,,,,,,,,,
2025-02-01,Saturday,Deadlift,330.7,3,4,425.5,515,85,138,53,58,,,,,,,,,,,,,
2025-02-01,Saturday,Deadlift,330.7,3,4,425.5,515,85,138,53,58,,,,,,,,,,,,,
2025-01-31,Friday,Bench Press,170.9,3,5,209.4,,,,,,,,,,,,,,,,,,
2025-01-31,Friday,Bench Press,165.3,4,6,205,,,,,,,,,,,,,,,,,,
2025-01-31,Friday,Bench Press,165.3,4,6,205,,,,,,,,,,,,,,,,,,
2025-01-31,Friday,Bench Press,165.3,4,6,205,,,,,,,,,,,,,,,,,,
2025-01-31,Friday,Bench Press,165.3,4,6,205,,,,,,,,,,,,,,,,,,
2025-01-31,Friday,Bench Press,165.3,4,6,205,,,,,,,,,,,,,,,,,,
2025-01-29,Wednesday,Touch and Go Bench,159.8,6,4,229.3,438,79,67,59.1,43,,,,,,,,,,,,,
2025-01-29,Wednesday,Touch and Go Bench,159.8,6,4,229.3,438,79,67,59.1,43,,,,,,,,,,,,,
2025-01-29,Wednesday,Touch and Go Bench,159.8,6,3,240.3,438,79,67,59.1,43,,,,,,,,,,,,,
2025-01-29,Wednesday,Touch and Go Bench,159.8,6,3,240.3,438,79,67,59.1,43,,,,,,,,,,,,,
2025-01-29,Wednesday,Touch and Go Bench,159.8,6,5,222.7,438,79,67,59.1,43,,,,,,,,,,,,,
2025-01-25,Saturday,Squat,237,4,4,313.1,536,42,122,61,38,,,,,,,,,,,,,
2025-01-25,Saturday,Squat,237,4,4,313.1,536,42,122,61,38,,,,,,,,,,,,,
2025-01-25,Saturday,Squat,237,4,4,313.1,536,42,122,61,38,,,,,,,,,,,,,
2025-01-25,Saturday,Squat,237,4,4,313.1,536,42,122,61,38,,,,,,,,,,,,,
2025-01-25,Saturday,Long Pause Bench,154.3,4,5,200.6,536,42,122,61,38,,,,,,,,,,,,,
2025-01-25,Saturday,Long Pause Bench,154.3,4,5,200.6,536,42,122,61,38,,,,,,,,,,,,,
2025-01-25,Saturday,Long Pause Bench,154.3,4,5,200.6,536,42,122,61,38,,,,,,,,,,,,,
2025-01-25,Saturday,Long Pause Bench,154.3,4,5,200.6,536,42,122,61,38,,,,,,,,,,,,,
2025-01-25,Saturday,Deadlift,330.7,3,5,410.1,536,42,122,61,38,,,,,,,,,,,,,
2025-01-25,Saturday,Deadlift,330.7,3,6,394.6,536,42,122,61,38,,,,,,,,,,,,,
2025-01-25,Saturday,Deadlift,330.7,3,7,381.4,536,42,122,61,38,,,,,,,,,,,,,
2025-01-25,Saturday,Deadlift,330.7,3,8,372.6,536,42,122,61,38,,,,,,,,,,,,,
2025-01-24,Friday,Pause Squat,215,3,6,257.9,499,49,124,60,41,,,,,,,,,,,,,
2025-01-24,Friday,Pause Squat,215,3,5,266.8,499,49,124,60,41,,,,,,,,,,,,,
2025-01-24,Friday,Pause Squat,215,3,5,266.8,499,49,124,60,41,,,,,,,,,,,,,
2025-01-24,Friday,Pause Squat,215,3,5,266.8,499,49,124,60,41,,,,,,,,,,,,,
2025-01-24,Friday,Deadlift,303.1,4,5,392.4,499,49,124,60,41,,,,,,,,,,,,,
2025-01-24,Friday,Deadlift,303.1,4,5,392.4,499,49,124,60,41,,,,,,,,,,,,,
2025-01-24,Friday,Bench Press,176.4,1,5,202.8,499,49,124,60,41,,,,,,,,,,,,,
2025-01-24,Friday,Bench Press,165.3,4,6,205,499,49,124,60,41,,,,,,,,,,,,,
2025-01-24,Friday,Bench Press,165.3,4,6,205,499,49,124,60,41,,,,,,,,,,,,,
2025-01-24,Friday,Bench Press,165.3,4,6,205,499,49,124,60,41,,,,,,,,,,,,,
2025-01-24,Friday,Bench Press,165.3,4,5,211.6,499,49,124,60,41,,,,,,,,,,,,,
2025-01-24,Friday,Bench Press,165.3,4,5,211.6,499,49,124,60,41,,,,,,,,,,,,,
2025-01-22,Wednesday,Touch and Go Bench,154.3,6,5,216.1,,,,,,,,,,,,,,,,,,
2025-01-22,Wednesday,Touch and Go Bench,154.3,6,5,216.1,,,,,,,,,,,,,,,,,,
2025-01-22,Wednesday,Touch and Go Bench,154.3,6,5,216.1,,,,,,,,,,,,,,,,,,
2025-01-22,Wednesday,Touch and Go Bench,154.3,6,6,207.2,,,,,,,,,,,,,,,,,,
2025-01-22,Wednesday,Touch and Go Bench,154.3,6,6,207.2,,,,,,,,,,,,,,,,,,
2025-01-18,Saturday,Squat,237,4,5,302,130,1,7,65,38,,,,,,,,,,,,,
2025-01-18,Saturday,Squat,237,4,5,302,130,1,7,65,38,,,,,,,,,,,,,
2025-01-18,Saturday,Squat,237,4,5,302,130,1,7,65,38,,,,,,,,,,,,,
2025-01-18,Saturday,Long Pause Bench,148.8,3,5,185.2,130,1,7,65,38,,,,,,,,,,,,,
2025-01-18,Saturday,Long Pause Bench,148.8,3,5,185.2,130,1,7,65,38,,,,,,,,,,,,,
2025-01-18,Saturday,Long Pause Bench,148.8,3,4,191.8,130,1,7,65,38,,,,,,,,,,,,,
2025-01-18,Saturday,Long Pause Bench,148.8,3,4,191.8,130,1,7,65,38,,,,,,,,,,,,,
2025-01-18,Saturday,Long Pause Bench,148.8,3,4,191.8,130,1,7,65,38,,,,,,,,,,,,,
2025-01-18,Saturday,Deadlift,330.7,3,4,425.5,130,1,7,65,38,,,,,,,,,,,,,
2025-01-18,Saturday,Deadlift,330.7,3,4,425.5,130,1,7,65,38,,,,,,,,,,,,,
2025-01-18,Saturday,Deadlift,330.7,3,5,410.1,130,1,7,65,38,,,,,,,,,,,,,
2025-01-17,Friday,Pause Squat,203.9,3,3,273.4,590,31,158,61,38,,,,,,,,,,,,,
2025-01-17,Friday,Pause Squat,203.9,3,3,273.4,590,31,158,61,38,,,,,,,,,,,,,
2025-01-17,Friday,Pause Squat,203.9,3,3,273.4,590,31,158,61,38,,,,,,,,,,,,,
2025-01-17,Friday,Pause Squat,203.9,3,3,273.4,590,31,158,61,38,,,,,,,,,,,,,
2025-01-17,Friday,Deadlift,314.2,4,7,377,590,31,158,61,38,,,,,,,,,,,,,
2025-01-17,Friday,Deadlift,314.2,4,7,377,590,31,158,61,38,,,,,,,,,,,,,
2025-01-17,Friday,Bench Press,170.9,1,5,198.4,590,31,158,61,38,,,,,,,,,,,,,
2025-01-17,Friday,Bench Press,165.3,4,6.5,202.8,590,31,158,61,38,,,,,,,,,,,,,
2025-01-17,Friday,Bench Press,165.3,4,7,198.4,590,31,158,61,38,,,,,,,,,,,,,
2025-01-17,Friday,Bench Press,165.3,4,6,205,590,31,158,61,38,,,,,,,,,,,,,
2025-01-17,Friday,Bench Press,165.3,4,6,205,590,31,158,61,38,,,,,,,,,,,,,
2025-01-15,Wednesday,Touch and Go Bench,159.8,5,5,211.6,479,15,112,55,53,,,,,,,,,,,,,
2025-01-15,Wednesday,Touch and Go Bench,159.8,5,5,211.6,479,15,112,55,53,,,,,,,,,,,,,
2025-01-15,Wednesday,Touch and Go Bench,159.8,5,5,211.6,479,15,112,55,53,,,,,,,,,,,,,
2025-01-15,Wednesday,Touch and Go Bench,159.8,5,5,211.6,479,15,112,55,53,,,,,,,,,,,,,
2025-01-15,Wednesday,Touch and Go Bench,159.8,5,4,222.7,479,15,112,55,53,,,,,,,,,,,,,
2025-01-11,Saturday,Squat,242.5,3,6,295.4,333,44,58,57,42,,,,,,,,,,,,,
2025-01-11,Saturday,Squat,242.5,3,8,275.6,333,44,58,57,42,,,,,,,,,,,,,
2025-01-11,Saturday,Squat,242.5,3,7,284.4,333,44,58,57,42,,,,,,,,,,,,,
2025-01-11,Saturday,Long Pause Bench,143.3,3,4,187.4,333,44,58,57,42,,,,,,,,,,,,,
2025-01-11,Saturday,Long Pause Bench,143.3,3,4,187.4,333,44,58,57,42,,,,,,,,,,,,,
2025-01-11,Saturday,Long Pause Bench,143.3,3,4,187.4,333,44,58,57,42,,,,,,,,,,,,,
2025-01-11,Saturday,Long Pause Bench,143.3,3,4,187.4,333,44,58,57,42,,,,,,,,,,,,,
2025-01-11,Saturday,Deadlift,330.7,2,5,394.6,333,44,58,57,42,,,,,,,,,,,,,
2025-01-11,Saturday,Deadlift,330.7,2,5,394.6,333,44,58,57,42,,,,,,,,,,,,,
2025-01-11,Saturday,Deadlift,330.7,2,4,410.1,333,44,58,57,42,,,,,,,,,,,,,
2025-01-10,Friday,Pause Squat,198.4,3,5,246.9,371,53,73,58,38,,,,,,,,,,,,,
2025-01-10,Friday,Pause Squat,198.4,3,5,246.9,371,53,73,58,38,,,,,,,,,,,,,
2025-01-10,Friday,Pause Squat,198.4,3,5,246.9,371,53,73,58,38,,,,,,,,,,,,,
2025-01-10,Friday,Pause Squat,198.4,3,5,246.9,371,53,73,58,38,,,,,,,,,,,,,
2025-01-10,Friday,Deadlift,314.2,4,5,405.7,371,53,73,58,38,,,,,,,,,,,,,
2025-01-10,Friday,Deadlift,314.2,4,4,421.1,371,53,73,58,38,,,,,,,,,,,,,
2025-01-10,Friday,Bench Press,165.3,4,8,191.8,371,53,73,58,38,,,,,,,,,,,,,
2025-01-10,Friday,Bench Press,165.3,4,8,191.8,371,53,73,58,38,,,,,,,,,,,,,
2025-01-10,Friday,Bench Press,165.3,4,8,191.8,371,53,73,58,38,,,,,,,,,,,,,
2025-01-10,Friday,Bench Press,165.3,4,7,198.4,371,53,73,58,38,,,,,,,,,,,,,
2025-01-08,Wednesday,Touch and Go Bench,154.3,6,6.5,202.8,399,41,95,62,33,,,,,,,,,,,,,
2025-01-08,Wednesday,Touch and Go Bench,154.3,6,6,207.2,399,41,95,62,33,,,,,,,,,,,,,
2025-01-08,Wednesday,Touch and Go Bench,154.3,6,7,200.6,399,41,95,62,33,,,,,,,,,,,,,
2025-01-08,Wednesday,Touch and Go Bench,154.3,6,7,200.6,399,41,95,62,33,,,,,,,,,,,,,
2025-01-04,Saturday,Squat,242.5,3,7,284.4,428,53,64,61.5,41.5,,,,,,,,,,,,,
2025-01-04,Saturday,Squat,242.5,3,6,295.4,428,53,64,61.5,41.5,,,,,,,,,,,,,
2025-01-04,Saturday,Long Pause Bench,137.8,3,4,180.8,428,53,64,61.5,41.5,,,,,,,,,,,,,
2025-01-04,Saturday,Long Pause Bench,137.8,3,4,180.8,428,53,64,61.5,41.5,,,,,,,,,,,,,
2025-01-04,Saturday,Long Pause Bench,137.8,3,4,180.8,428,53,64,61.5,41.5,,,,,,,,,,,,,
2025-01-04,Saturday,Long Pause Bench,137.8,3,4,180.8,428,53,64,61.5,41.5,,,,,,,,,,,,,
2025-01-04,Saturday,Deadlift,330.7,2,5,394.6,428,53,64,61.5,41.5,,,,,,,,,,,,,
2025-01-04,Saturday,Deadlift,330.7,2,5,394.6,428,53,64,61.5,41.5,,,,,,,,,,,,,
2025-01-03,Friday,Pause Squat,187.4,3,3,246.9,471,76,135,61,39,,,,,,,,,,,,,
2025-01-03,Friday,Pause Squat,187.4,3,3,246.9,471,76,135,61,39,,,,,,,,,,,,,
2025-01-03,Friday,Pause Squat,187.4,3,3,246.9,471,76,135,61,39,,,,,,,,,,,,,
2025-01-03,Friday,Pause Squat,187.4,3,3,246.9,471,76,135,61,39,,,,,,,,,,,,,
2025-01-03,Friday,Deadlift,314.2,4,6,390.2,471,76,135,61,39,,,,,,,,,,,,,
2025-01-03,Friday,Deadlift,314.2,4,6,390.2,471,76,135,61,39,,,,,,,,,,,,,
2025-01-03,Friday,Bench Press,165.3,4,8,191.8,471,76,135,61,39,,,,,,,,,,,,,
2025-01-03,Friday,Bench Press,165.3,4,8,191.8,471,76,135,61,39,,,,,,,,,,,,,
2025-01-03,Friday,Bench Press,165.3,4,7,198.4,471,76,135,61,39,,,,,,,,,,,,,
2025-01-03,Friday,Bench Press,165.3,4,7,198.4,471,76,135,61,39,,,,,,,,,,,,,
2025-01-01,Wednesday,Touch and Go Bench,148.8,6,5,207.2,,,,,,,,,,,,,,,,,,
2025-01-01,Wednesday,Touch and Go Bench,148.8,6,5,207.2,,,,,,,,,,,,,,,,,,
2025-01-01,Wednesday,Touch and Go Bench,148.8,6,4,216.1,,,,,,,,,,,,,,,,,,
2024-12-28,Saturday,Squat,237,3,4,302,524,57,119,58,43,,,,,,,,,,,,,
2024-12-28,Saturday,Squat,237,3,5,293.2,524,57,119,58,43,,,,,,,,,,,,,
2024-12-28,Saturday,Long Pause Bench,126.8,3,1,180.8,524,57,119,58,43,,,,,,,,,,,,,
2024-12-28,Saturday,Long Pause Bench,126.8,3,1,180.8,524,57,119,58,43,,,,,,,,,,,,,
2024-12-28,Saturday,Long Pause Bench,126.8,3,1,180.8,524,57,119,58,43,,,,,,,,,,,,,
2024-12-28,Saturday,Long Pause Bench,126.8,3,1,180.8,524,57,119,58,43,,,,,,,,,,,,,
2024-12-28,Saturday,Deadlift,319.7,2,3,412.3,524,57,119,58,43,,,,,,,,,,,,,
2024-12-28,Saturday,Deadlift,319.7,2,3,412.3,524,57,119,58,43,,,,,,,,,,,,,
2024-12-27,Friday,Pause Squat,181.9,3,2,249.1,565,57,140,58,42,,,,,,,,,,,,,
2024-12-27,Friday,Pause Squat,181.9,3,2,249.1,565,57,140,58,42,,,,,,,,,,,,,
2024-12-27,Friday,Pause Squat,181.9,3,2,249.1,565,57,140,58,42,,,,,,,,,,,,,
2024-12-27,Friday,Pause Squat,181.9,3,2,249.1,565,57,140,58,42,,,,,,,,,,,,,
2024-12-27,Friday,Deadlift,303.1,4,4,407.9,565,57,140,58,42,,,,,,,,,,,,,
2024-12-27,Friday,Deadlift,303.1,4,4,407.9,565,57,140,58,42,,,,,,,,,,,,,
2024-12-27,Friday,Bench Press,154.3,4,3,216.1,565,57,140,58,42,,,,,,,,,,,,,
2024-12-27,Friday,Bench Press,154.3,4,3,216.1,565,57,140,58,42,,,,,,,,,,,,,
2024-12-27,Friday,Bench Press,154.3,4,3,216.1,565,57,140,58,42,,,,,,,,,,,,,
2024-12-27,Friday,Bench Press,154.3,4,3,216.1,565,57,140,58,42,,,,,,,,,,,,,
2024-12-25,Wednesday,Touch and Go Bench,143.3,6,5,200.6,309,53,76,65,30,,,,,,,,,,,,,
2024-12-25,Wednesday,Touch and Go Bench,143.3,6,4,209.4,309,53,76,65,30,,,,,,,,,,,,,
2024-12-25,Wednesday,Touch and Go Bench,143.3,6,4,209.4,309,53,76,65,30,,,,,,,,,,,,,
2024-12-21,Saturday,Squat,226,3,2,313.1,,,,,,,,,,,,,,,,,,
2024-12-21,Saturday,Squat,226,3,2,313.1,,,,,,,,,,,,,,,,,,
2024-12-21,Saturday,Long Pause Bench,121.3,3,2,165.3,,,,,,,,,,,,,,,,,,
2024-12-21,Saturday,Long Pause Bench,121.3,3,2,165.3,,,,,,,,,,,,,,,,,,
2024-12-21,Saturday,Long Pause Bench,121.3,3,2,165.3,,,,,,,,,,,,,,,,,,
2024-12-21,Saturday,Long Pause Bench,121.3,3,2,165.3,,,,,,,,,,,,,,,,,,
2024-12-21,Saturday,Deadlift,314.2,2,3,405.7,,,,,,,,,,,,,,,,,,
2024-12-21,Saturday,Deadlift,314.2,2,3,405.7,,,,,,,,,,,,,,,,,,
2024-12-20,Friday,Squat,215,5,5,286.6,,,,,,,,,,,,,,,,,,
2024-12-20,Friday,Squat,215,5,4,297.6,,,,,,,,,,,,,,,,,,
2024-12-20,Friday,Deadlift,292.1,4,5,372.6,,,,,,,,,,,,,,,,,,
2024-12-20,Friday,Deadlift,292.1,4,5,372.6,,,,,,,,,,,,,,,,,,
2024-12-20,Friday,Bench Press,154.3,3,4,200.6,,,,,,,,,,,,,,,,,,
2024-12-20,Friday,Bench Press,154.3,3,4,200.6,,,,,,,,,,,,,,,,,,
2024-12-20,Friday,Bench Press,154.3,3,4,200.6,,,,,,,,,,,,,,,,,,
2024-12-20,Friday,Bench Press,154.3,3,4,200.6,,,,,,,,,,,,,,,,,,
2024-12-18,Wednesday,Touch and Go Bench,143.3,5,3,209.4,410,39,92,59,28,,,,,,,,,,,,,
2024-12-18,Wednesday,Touch and Go Bench,143.3,5,3,209.4,410,39,92,59,28,,,,,,,,,,,,,
2024-12-18,Wednesday,Touch and Go Bench,143.3,5,3,209.4,410,39,92,59,28,,,,,,,,,,,,,
2024-12-14,Saturday,Squat,203.9,4,2,295.4,415,46,127,54,50,,,,,,,,,,,,,
2024-12-14,Saturday,Squat,203.9,4,2,295.4,415,46,127,54,50,,,,,,,,,,,,,
2024-12-14,Saturday,Squat,203.9,4,2,295.4,415,46,127,54,50,,,,,,,,,,,,,
2024-12-14,Saturday,Long Pause Bench,121.3,3,1,172,415,46,127,54,50,,,,,,,,,,,,,
2024-12-14,Saturday,Long Pause Bench,121.3,3,1,172,415,46,127,54,50,,,,,,,,,,,,,
2024-12-14,Saturday,Long Pause Bench,121.3,3,1,172,415,46,127,54,50,,,,,,,,,,,,,
2024-12-14,Saturday,Deadlift,237,3,2,324.1,415,46,127,54,50,,,,,,,,,,,,,
2024-12-14,Saturday,Deadlift,237,3,2,324.1,415,46,127,54,50,,,,,,,,,,,,,
2024-12-14,Saturday,Deadlift,237,3,2,324.1,415,46,127,54,50,,,,,,,,,,,,,
2024-12-13,Friday,Bench Press,126.8,5,2,187.4,497,71,113,63,35,,,,,,,,,,,,,
2024-12-13,Friday,Bench Press,126.8,5,2,187.4,497,71,113,63,35,,,,,,,,,,,,,
2024-12-13,Friday,Bench Press,126.8,5,2,187.4,497,71,113,63,35,,,,,,,,,,,,,
2024-12-13,Friday,Bench Press,126.8,5,2,187.4,497,71,113,63,35,,,,,,,,,,,,,
2024-12-07,Saturday,Bench Press,165.3,1,4,198.4,317,84,37,67.9,21.1,,,,,,,,,,,,,
2024-12-07,Saturday,Bench Press,159.8,2,3,205,317,84,37,67.9,21.1,,,,,,,,,,,,,
2024-12-07,Saturday,Bench Press,159.8,2,3,205,317,84,37,67.9,21.1,,,,,,,,,,,,,
2024-12-07,Saturday,Bench Press,159.8,2,3,205,317,84,37,67.9,21.1,,,,,,,,,,,,,
2024-12-07,Saturday,Bench Press,159.8,2,3,,317,84,37,67.9,21.1,,,,,,,,,,,,,
2024-12-03,Tuesday,Squat,253.5,1,2,328.5,360,41,75,65,24,,,,,,,,,,,,,
2024-12-03,Tuesday,Squat,242.5,2,2,328.5,360,41,75,65,24,,,,,,,,,,,,,
2024-12-03,Tuesday,Squat,242.5,2,2,328.5,360,41,75,65,24,,,,,,,,,,,,,
2024-12-03,Tuesday,Squat,242.5,2,,,360,41,75,65,24,,,,,,,,,,,,,
2024-12-03,Tuesday,Deadlift,270.1,1,3,335.1,360,41,75,65,24,,,,,,,,,,,,,
2024-12-03,Tuesday,Deadlift,270.1,1,3,335.1,360,41,75,65,24,,,,,,,,,,,,,
2024-12-03,Tuesday,Deadlift,270.1,1,3,335.1,360,41,75,65,24,,,,,,,,,,,,,
2024-12-02,Monday,Touch and Go Bench,154.3,4,2,222.7,496,114,118,63.3,26.5,,,,,,,,,,,,,
2024-12-02,Monday,Touch and Go Bench,154.3,4,2,222.7,496,114,118,63.3,26.5,,,,,,,,,,,,,
2024-12-02,Monday,Touch and Go Bench,154.3,4,2,222.7,496,114,118,63.3,26.5,,,,,,,,,,,,,
2024-12-02,Monday,Touch and Go Bench,154.3,4,2,222.7,496,114,118,63.3,26.5,,,,,,,,,,,,,
2024-12-02,Monday,Touch and Go Bench,154.3,4,3,216.1,496,114,118,63.3,26.5,,,,,,,,,,,,,
2024-11-30,Saturday,Squat,292.1,1,7,317.5,277,29,49,62,21,,,,,,,,,,,,,
2024-11-30,Saturday,Squat,270.1,2,7,304.2,277,29,49,62,21,,,,,,,,,,,,,
2024-11-30,Saturday,Squat,270.1,2,7,304.2,277,29,49,62,21,,,,,,,,,,,,,
2024-11-30,Saturday,Deadlift,358.3,1,8.5,374.8,277,29,49,62,21,,,,,,,,,,,,,
2024-11-30,Saturday,Deadlift,314.2,2,6,366,277,29,49,62,21,,,,,,,,,,,,,
2024-11-30,Saturday,Deadlift,314.2,2,6,366,277,29,49,62,21,,,,,,,,,,,,,
2024-11-29,Friday,Bench Press,192.9,1,9,200.6,563,86,145,60,38,,,,,,,,,,,,,
2024-11-29,Friday,Bench Press,192.9,1,8.5,202.8,563,86,145,60,38,,,,,,,,,,,,,
2024-11-29,Friday,Bench Press,176.4,2,8.5,187.4,563,86,145,60,38,,,,,,,,,,,,,
2024-11-29,Friday,Bench Press,176.4,2,7,198.4,563,86,145,60,38,,,,,,,,,,,,,
2024-11-29,Friday,Bench Press,176.4,2,8,189.6,563,86,145,60,38,,,,,,,,,,,,,
2024-11-29,Friday,Bench Press,176.4,2,8,189.6,563,86,145,60,38,,,,,,,,,,,,,
2024-11-27,Wednesday,Long Pause Bench,148.8,3,5,185.2,423,57,101,61,32,,,,,,,,,,,,,
2024-11-27,Wednesday,Long Pause Bench,148.8,3,5,185.2,423,57,101,61,32,,,,,,,,,,,,,
2024-11-27,Wednesday,Long Pause Bench,148.8,3,5,185.2,423,57,101,61,32,,,,,,,,,,,,,
2024-11-27,Wednesday,Long Pause Bench,148.8,3,4,191.8,423,57,101,61,32,,,,,,,,,,,,,
2024-11-27,Wednesday,Long Pause Bench,148.8,3,4,191.8,423,57,101,61,32,,,,,,,,,,,,,
2024-11-26,Tuesday,Squat,242.5,3,3.5,319.7,596,119,121,64.1,30.6,,,,,,,,,,,,,
2024-11-26,Tuesday,Squat,242.5,3,5,304.2,596,119,121,64.1,30.6,,,,,,,,,,,,,
2024-11-26,Tuesday,Squat,242.5,3,5,304.2,596,119,121,64.1,30.6,,,,,,,,,,,,,
2024-11-26,Tuesday,Pause Deadlift,253.5,2,4,317.5,596,119,121,64.1,30.6,,,,,,,,,,,,,
2024-11-26,Tuesday,Pause Deadlift,253.5,2,5,304.2,596,119,121,64.1,30.6,,,,,,,,,,,,,
2024-11-25,Monday,Touch and Go Bench,165.3,5,6,211.6,393,28,91,63,29,,,,,,,,,,,,,
2024-11-25,Monday,Touch and Go Bench,165.3,5,6,211.6,393,28,91,63,29,,,,,,,,,,,,,
2024-11-25,Monday,Touch and Go Bench,165.3,5,5,220.5,393,28,91,63,29,,,,,,,,,,,,,
2024-11-25,Monday,Touch and Go Bench,165.3,5,5,220.5,393,28,91,63,29,,,,,,,,,,,,,
2024-11-25,Monday,Touch and Go Bench,165.3,5,5,220.5,393,28,91,63,29,,,,,,,,,,,,,
2024-11-23,Saturday,Squat,286.6,1,7.5,306.4,7,1,0,90,,,,,,,,,,,,,,
2024-11-23,Saturday,Squat,264.6,2,6.5,302,7,1,0,90,,,,,,,,,,,,,,
2024-11-23,Saturday,Squat,264.6,2,6.5,302,7,1,0,90,,,,,,,,,,,,,,
2024-11-23,Saturday,Deadlift,347.2,1,7.5,370.4,7,1,0,90,,,,,,,,,,,,,,
2024-11-23,Saturday,Deadlift,303.1,2,6.5,348.3,7,1,0,90,,,,,,,,,,,,,,
2024-11-23,Saturday,Deadlift,303.1,2,6.5,348.3,7,1,0,90,,,,,,,,,,,,,,
2024-11-22,Friday,Bench Press,192.9,1,9.5,198.4,497,46,126,64,21.9,,,,,,,,,,,,,
2024-11-22,Friday,Bench Press,192.9,1,10,194,497,46,126,64,21.9,,,,,,,,,,,,,
2024-11-22,Friday,Bench Press,176.4,2,7,198.4,497,46,126,64,21.9,,,,,,,,,,,,,
2024-11-22,Friday,Bench Press,176.4,2,8,189.6,497,46,126,64,21.9,,,,,,,,,,,,,
2024-11-22,Friday,Bench Press,176.4,2,8,189.6,497,46,126,64,21.9,,,,,,,,,,,,,
2024-11-22,Friday,Bench Press,176.4,2,8,189.6,497,46,126,64,21.9,,,,,,,,,,,,,
2024-11-20,Wednesday,Long Pause Bench,148.8,3,1,216.1,398,27,82,57.4,43,,,,,,,,,,,,,
2024-11-20,Wednesday,Long Pause Bench,148.8,3,1,216.1,398,27,82,57.4,43,,,,,,,,,,,,,
2024-11-20,Wednesday,Long Pause Bench,148.8,3,1,216.1,398,27,82,57.4,43,,,,,,,,,,,,,
2024-11-20,Wednesday,Long Pause Bench,148.8,3,1,216.1,398,27,82,57.4,43,,,,,,,,,,,,,
2024-11-20,Wednesday,Long Pause Bench,148.8,3,1,216.1,398,27,82,57.4,43,,,,,,,,,,,,,
2024-11-19,Tuesday,Squat,242.5,3,1,352.7,470,61,109,63.4,26.5,,,,,,,,,,,,,
2024-11-19,Tuesday,Squat,242.5,3,2,339.5,470,61,109,63.4,26.5,,,,,,,,,,,,,
2024-11-19,Tuesday,Squat,242.5,3,2,339.5,470,61,109,63.4,26.5,,,,,,,,,,,,,
2024-11-19,Tuesday,Pause Deadlift,253.5,2,3,328.5,470,61,109,63.4,26.5,,,,,,,,,,,,,
2024-11-19,Tuesday,Pause Deadlift,253.5,2,3,328.5,470,61,109,63.4,26.5,,,,,,,,,,,,,
2024-11-18,Monday,Touch and Go Bench,159.8,5,2,240.3,439,57,66,61,33.2,,,,,,,,,,,,,
2024-11-18,Monday,Touch and Go Bench,159.8,5,2,240.3,439,57,66,61,33.2,,,,,,,,,,,,,
2024-11-18,Monday,Touch and Go Bench,159.8,5,2,240.3,439,57,66,61,33.2,,,,,,,,,,,,,
2024-11-18,Monday,Touch and Go Bench,159.8,5,2,240.3,439,57,66,61,33.2,,,,,,,,,,,,,
2024-11-18,Monday,Touch and Go Bench,159.8,5,2,240.3,439,57,66,61,33.2,,,,,,,,,,,,,
2024-11-16,Saturday,Squat,275.6,1,3,341.7,545,45,143,61.4,31,,,,,,,,,,,,,
2024-11-16,Saturday,Squat,253.5,2,2,339.5,545,45,143,61.4,31,,,,,,,,,,,,,
2024-11-16,Saturday,Squat,253.5,2,2,339.5,545,45,143,61.4,31,,,,,,,,,,,,,
2024-11-16,Saturday,Deadlift,325.2,1,3,403.4,545,45,143,61.4,31,,,,,,,,,,,,,
2024-11-16,Saturday,Deadlift,286.6,2,2,379.2,545,45,143,61.4,31,,,,,,,,,,,,,
2024-11-16,Saturday,Deadlift,286.6,2,2,379.2,545,45,143,61.4,31,,,,,,,,,,,,,
2024-11-15,Friday,Bench Press,187.4,1,6.5,205,358,44,92,60.7,36.9,,,,,,,,,,,,,
2024-11-15,Friday,Bench Press,187.4,1,6.5,205,358,44,92,60.7,36.9,,,,,,,,,,,,,
2024-11-15,Friday,Bench Press,170.9,3,7,198.4,358,44,92,60.7,36.9,,,,,,,,,,,,,
2024-11-15,Friday,Bench Press,170.9,3,7,198.4,358,44,92,60.7,36.9,,,,,,,,,,,,,
2024-11-15,Friday,Bench Press,170.9,3,7,198.4,358,44,92,60.7,36.9,,,,,,,,,,,,,
2024-11-15,Friday,Bench Press,170.9,3,7,198.4,358,44,92,60.7,36.9,,,,,,,,,,,,,
2024-11-13,Wednesday,Long Pause Bench,143.3,3,2,200.6,273,14,39,65,23,,,,,,,,,,,,,
2024-11-13,Wednesday,Long Pause Bench,143.3,3,2,200.6,273,14,39,65,23,,,,,,,,,,,,,
2024-11-13,Wednesday,Long Pause Bench,143.3,3,2,200.6,273,14,39,65,23,,,,,,,,,,,,,
2024-11-13,Wednesday,Long Pause Bench,143.3,3,2,200.6,273,14,39,65,23,,,,,,,,,,,,,
2024-11-12,Tuesday,Squat,242.5,3,4,315.3,476,74,128,63,28,,,,,,,,,,,,,
2024-11-12,Tuesday,Squat,242.5,3,4,315.3,476,74,128,63,28,,,,,,,,,,,,,
2024-11-12,Tuesday,Squat,242.5,3,4,315.3,476,74,128,63,28,,,,,,,,,,,,,
2024-11-12,Tuesday,Pause Deadlift,253.5,2,4,317.5,476,74,128,63,28,,,,,,,,,,,,,
2024-11-12,Tuesday,Pause Deadlift,253.5,2,4,317.5,476,74,128,63,28,,,,,,,,,,,,,
2024-11-11,Monday,Touch and Go Bench,154.3,5,3,222.7,526,67,107,65,31,,,,,,,,,,,,,
2024-11-11,Monday,Touch and Go Bench,154.3,5,3,222.7,526,67,107,65,31,,,,,,,,,,,,,
2024-11-11,Monday,Touch and Go Bench,154.3,5,3,222.7,526,67,107,65,31,,,,,,,,,,,,,
2024-11-11,Monday,Touch and Go Bench,154.3,5,3,222.7,526,67,107,65,31,,,,,,,,,,,,,
2024-11-11,Monday,Touch and Go Bench,154.3,5,3,222.7,526,67,107,65,31,,,,,,,,,,,,,
2024-11-09,Saturday,Squat,264.6,1,2.5,335.1,329,60,83,65,27,,,,,,,,,,,,,
2024-11-09,Saturday,Squat,248,2,2.5,328.5,329,60,83,65,27,,,,,,,,,,,,,
2024-11-09,Saturday,Squat,248,2,2.5,328.5,329,60,83,65,27,,,,,,,,,,,,,
2024-11-09,Saturday,Deadlift,297.6,1,2,385.8,329,60,83,65,27,,,,,,,,,,,,,
2024-11-09,Saturday,Deadlift,281.1,2,3,359.4,329,60,83,65,27,,,,,,,,,,,,,
2024-11-09,Saturday,Deadlift,281.1,2,2,372.6,329,60,83,65,27,,,,,,,,,,,,,
2024-11-08,Friday,Bench Press,176.4,1,5,202.8,524,98,150,67.2,25.8,,,,,,,,,,,,,
2024-11-08,Friday,Bench Press,165.3,3,5,205,524,98,150,67.2,25.8,,,,,,,,,,,,,
2024-11-08,Friday,Bench Press,165.3,3,3,220.5,524,98,150,67.2,25.8,,,,,,,,,,,,,
2024-11-08,Friday,Bench Press,165.3,3,4,211.6,524,98,150,67.2,25.8,,,,,,,,,,,,,
2024-11-08,Friday,Bench Press,165.3,3,4,211.6,524,98,150,67.2,25.8,,,,,,,,,,,,,
2024-11-06,Wednesday,Long Pause Bench,143.3,3,3,191.8,385,76,103,60,32,,,,,,,,,,,,,
2024-11-06,Wednesday,Long Pause Bench,143.3,3,2,200.6,385,76,103,60,32,,,,,,,,,,,,,
2024-11-06,Wednesday,Long Pause Bench,143.3,3,2,200.6,385,76,103,60,32,,,,,,,,,,,,,
2024-11-06,Wednesday,Long Pause Bench,143.3,3,2,200.6,385,76,103,60,32,,,,,,,,,,,,,
2024-11-05,Tuesday,Squat,231.5,3,3,306.4,208,8,26,60,40,,,,,,,,,,,,,
2024-11-05,Tuesday,Squat,231.5,3,3.5,299.8,208,8,26,60,40,,,,,,,,,,,,,
2024-11-05,Tuesday,Squat,231.5,3,2,317.5,208,8,26,60,40,,,,,,,,,,,,,
2024-11-05,Tuesday,Pause Deadlift,248,2,5,299.8,208,8,26,60,40,,,,,,,,,,,,,
2024-11-05,Tuesday,Pause Deadlift,248,2,4,310.9,208,8,26,60,40,,,,,,,,,,,,,
2024-11-04,Monday,Touch and Go Bench,154.3,5,3,222.7,364,65,74,61,30,,,,,,,,,,,,,
2024-11-04,Monday,Touch and Go Bench,154.3,5,3,222.7,364,65,74,61,30,,,,,,,,,,,,,
2024-11-04,Monday,Touch and Go Bench,154.3,5,3,222.7,364,65,74,61,30,,,,,,,,,,,,,
2024-11-04,Monday,Touch and Go Bench,154.3,5,3,222.7,364,65,74,61,30,,,,,,,,,,,,,
2024-11-04,Monday,Touch and Go Bench,154.3,5,2,231.5,364,65,74,61,30,,,,,,,,,,,,,
2024-11-02,Saturday,Squat,253.5,1,2,328.5,335,51,65,62.1,25,,,,,,,,,,,,,
2024-11-02,Saturday,Squat,242.5,2,2,328.5,335,51,65,62.1,25,,,,,,,,,,,,,
2024-11-02,Saturday,Squat,242.5,2,1,339.5,335,51,65,62.1,25,,,,,,,,,,,,,
2024-11-02,Saturday,Deadlift,286.6,1,3,354.9,335,51,65,62.1,25,,,,,,,,,,,,,
2024-11-02,Saturday,Deadlift,270.1,2,2,359.4,335,51,65,62.1,25,,,,,,,,,,,,,
2024-11-02,Saturday,Deadlift,270.1,2,2,359.4,335,51,65,62.1,25,,,,,,,,,,,,,
2024-11-01,Friday,Bench Press,165.3,1,2,211.6,542,28,127,62.6,29.9,,,,,,,,,,,,,
2024-11-01,Friday,Bench Press,165.3,1,2,211.6,542,28,127,62.6,29.9,,,,,,,,,,,,,
2024-11-01,Friday,Bench Press,165.3,7,6,227.1,542,28,127,62.6,29.9,,,,,,,,,,,,,
2024-10-30,Wednesday,Long Pause Bench,143.3,2,3,187.4,619,38,128,63,32.2,,,,,,,,,,,,,
2024-10-30,Wednesday,Long Pause Bench,143.3,2,3,187.4,619,38,128,63,32.2,,,,,,,,,,,,,
2024-10-30,Wednesday,Long Pause Bench,143.3,2,3,187.4,619,38,128,63,32.2,,,,,,,,,,,,,
2024-10-30,Wednesday,Long Pause Bench,143.3,2,2,191.8,619,38,128,63,32.2,,,,,,,,,,,,,
2024-10-29,Tuesday,Squat,226,3,3,299.8,501,77,149,62.5,28.5,,,,,,,,,,,,,
2024-10-29,Tuesday,Squat,226,3,4,291,501,77,149,62.5,28.5,,,,,,,,,,,,,
2024-10-29,Tuesday,Squat,226,3,3.5,295.4,501,77,149,62.5,28.5,,,,,,,,,,,,,
2024-10-29,Tuesday,Pause Deadlift,237,2,3,302,501,77,149,62.5,28.5,,,,,,,,,,,,,
2024-10-29,Tuesday,Pause Deadlift,237,2,4,293.2,501,77,149,62.5,28.5,,,,,,,,,,,,,
2024-10-28,Monday,Touch and Go Bench,154.3,4,4,207.2,420,45,81,62.3,37.8,,,,,,,,,,,,,
2024-10-28,Monday,Touch and Go Bench,154.3,4,4,207.2,420,45,81,62.3,37.8,,,,,,,,,,,,,
2024-10-28,Monday,Touch and Go Bench,154.3,4,4,207.2,420,45,81,62.3,37.8,,,,,,,,,,,,,
2024-10-28,Monday,Touch and Go Bench,154.3,4,4,207.2,420,45,81,62.3,37.8,,,,,,,,,,,,,
2024-10-28,Monday,Touch and Go Bench,154.3,4,4,207.2,420,45,81,62.3,37.8,,,,,,,,,,,,,
2024-10-25,Friday,Bench Press,170.9,2,7,191.8,546,63,119,62.4,29.9,,,,,,,,,,,,,
2024-10-25,Friday,Bench Press,165.3,3,7,191.8,546,63,119,62.4,29.9,,,,,,,,,,,,,
2024-10-25,Friday,Bench Press,165.3,3,7,191.8,546,63,119,62.4,29.9,,,,,,,,,,,,,
2024-10-25,Friday,Bench Press,165.3,3,6.5,194,546,63,119,62.4,29.9,,,,,,,,,,,,,
2024-10-25,Friday,Bench Press,165.3,3,7.5,187.4,546,63,119,62.4,29.9,,,,,,,,,,,,,
2024-10-23,Wednesday,Long Pause Bench,154.3,3,5,191.8,299,58,78,61.7,31,,,,,,,,,,,,,
2024-10-23,Wednesday,Long Pause Bench,154.3,3,5,191.8,299,58,78,61.7,31,,,,,,,,,,,,,
2024-10-23,Wednesday,Long Pause Bench,154.3,3,5,191.8,299,58,78,61.7,31,,,,,,,,,,,,,
2024-10-23,Wednesday,Long Pause Bench,154.3,3,5,191.8,299,58,78,61.7,31,,,,,,,,,,,,,
2024-10-23,Wednesday,Long Pause Bench,154.3,3,5,191.8,299,58,78,61.7,31,,,,,,,,,,,,,
2024-10-21,Monday,Touch and Go Bench,165.3,5,7.5,202.8,263,22,61,58,44,,,,,,,,,,,,,
2024-10-21,Monday,Touch and Go Bench,165.3,5,7.5,202.8,263,22,61,58,44,,,,,,,,,,,,,
2024-10-21,Monday,Touch and Go Bench,165.3,5,7.5,202.8,263,22,61,58,44,,,,,,,,,,,,,
2024-10-21,Monday,Touch and Go Bench,165.3,5,7,205,263,22,61,58,44,,,,,,,,,,,,,
2024-10-21,Monday,Touch and Go Bench,165.3,5,8,198.4,263,22,61,58,44,,,,,,,,,,,,,
2024-10-19,Saturday,Pause Squat,242.5,1,7,266.8,434,74,110,59,34,,,,,,,,,,,,,
2024-10-19,Saturday,Pause Squat,231.5,3,7.5,262.4,434,74,110,59,34,,,,,,,,,,,,,
2024-10-19,Saturday,Pause Squat,231.5,3,8,260.1,434,74,110,59,34,,,,,,,,,,,,,
2024-10-19,Saturday,Pause Squat,231.5,3,8,260.1,434,74,110,59,34,,,,,,,,,,,,,
2024-10-19,Saturday,Deadlift,308.6,3,5,385.8,434,74,110,59,34,,,,,,,,,,,,,
2024-10-19,Saturday,Deadlift,292.1,3,4.5,368.2,434,74,110,59,34,,,,,,,,,,,,,
2024-10-19,Saturday,Deadlift,292.1,3,4.5,368.2,434,74,110,59,34,,,,,,,,,,,,,
2024-10-18,Friday,Bench Press,165.3,3,7,191.8,415,59,62,64,28,,,,,,,,,,,,,
2024-10-18,Friday,Bench Press,159.8,4,6.5,194,415,59,62,64,28,,,,,,,,,,,,,
2024-10-18,Friday,Bench Press,159.8,4,6.5,194,415,59,62,64,28,,,,,,,,,,,,,
2024-10-18,Friday,Bench Press,159.8,4,6.5,194,415,59,62,64,28,,,,,,,,,,,,,
2024-10-18,Friday,Bench Press,159.8,4,6.5,194,415,59,62,64,28,,,,,,,,,,,,,
2024-10-16,Wednesday,Long Pause Bench,148.8,3,5,185.2,,,,,,,,,,,,,,,,,,
2024-10-16,Wednesday,Long Pause Bench,148.8,3,3,200.6,,,,,,,,,,,,,,,,,,
2024-10-16,Wednesday,Long Pause Bench,148.8,3,3.5,198.4,,,,,,,,,,,,,,,,,,
2024-10-16,Wednesday,Long Pause Bench,148.8,3,3.5,198.4,,,,,,,,,,,,,,,,,,
2024-10-15,Tuesday,Squat,237,5,5,313.1,456,78,110,60.6,33.9,,,,,,,,,,,,,
2024-10-15,Tuesday,Squat,237,5,6,302,456,78,110,60.6,33.9,,,,,,,,,,,,,
2024-10-15,Tuesday,Squat,237,5,6,302,456,78,110,60.6,33.9,,,,,,,,,,,,,
2024-10-15,Tuesday,Pause Deadlift,248,3,4,321.9,456,78,110,60.6,33.9,,,,,,,,,,,,,
2024-10-15,Tuesday,Pause Deadlift,248,3,4,321.9,456,78,110,60.6,33.9,,,,,,,,,,,,,
2024-10-15,Tuesday,Pause Deadlift,248,3,4,321.9,456,78,110,60.6,33.9,,,,,,,,,,,,,
2024-10-14,Monday,Touch and Go Bench,159.8,5,6.5,202.8,245,44,59,61,27,,,,,,,,,,,,,
2024-10-14,Monday,Touch and Go Bench,159.8,5,6.5,202.8,245,44,59,61,27,,,,,,,,,,,,,
2024-10-14,Monday,Touch and Go Bench,159.8,5,6.5,202.8,245,44,59,61,27,,,,,,,,,,,,,
2024-10-14,Monday,Touch and Go Bench,159.8,5,6.5,202.8,245,44,59,61,27,,,,,,,,,,,,,
2024-10-14,Monday,Touch and Go Bench,159.8,5,6.5,202.8,245,44,59,61,27,,,,,,,,,,,,,
2024-10-12,Saturday,Pause Squat,237,1,4,282.2,481,81,109,59.7,43.4,,,,,,,,,,,,,
2024-10-12,Saturday,Pause Squat,226,3,5,280,481,81,109,59.7,43.4,,,,,,,,,,,,,
2024-10-12,Saturday,Pause Squat,226,3,5,280,481,81,109,59.7,43.4,,,,,,,,,,,,,
2024-10-12,Saturday,Pause Squat,226,3,6,269,481,81,109,59.7,43.4,,,,,,,,,,,,,
2024-10-12,Saturday,Deadlift,308.6,2,6,359.4,481,81,109,59.7,43.4,,,,,,,,,,,,,
2024-10-12,Saturday,Deadlift,292.1,3,5.5,354.9,481,81,109,59.7,43.4,,,,,,,,,,,,,
2024-10-12,Saturday,Deadlift,292.1,3,5,359.4,481,81,109,59.7,43.4,,,,,,,,,,,,,
2024-10-11,Friday,Bench Press,165.3,2,5,198.4,540,105,125,66.4,28.6,,,,,,,,,,,,,
2024-10-11,Friday,Bench Press,159.8,4,6.5,194,540,105,125,66.4,28.6,,,,,,,,,,,,,
2024-10-11,Friday,Bench Press,159.8,4,6.5,194,540,105,125,66.4,28.6,,,,,,,,,,,,,
2024-10-11,Friday,Bench Press,159.8,4,7,191.8,540,105,125,66.4,28.6,,,,,,,,,,,,,
2024-10-11,Friday,Bench Press,159.8,4,7,191.8,540,105,125,66.4,28.6,,,,,,,,,,,,,
2024-10-09,Wednesday,Long Pause Bench,148.8,3,6,180.8,281,29,38,68,24,,,,,,,,,,,,,
2024-10-09,Wednesday,Long Pause Bench,148.8,3,6,180.8,281,29,38,68,24,,,,,,,,,,,,,
2024-10-09,Wednesday,Long Pause Bench,148.8,3,5,185.2,281,29,38,68,24,,,,,,,,,,,,,
2024-10-09,Wednesday,Long Pause Bench,148.8,3,5,185.2,281,29,38,68,24,,,,,,,,,,,,,
2024-10-08,Tuesday,Squat,226,5,4,313.1,486,68,120,57.9,39.1,,,,,,,,,,,,,
2024-10-08,Tuesday,Squat,226,5,3.5,317.5,486,68,120,57.9,39.1,,,,,,,,,,,,,
2024-10-08,Tuesday,Squat,226,5,3,324.1,486,68,120,57.9,39.1,,,,,,,,,,,,,
2024-10-08,Tuesday,Pause Deadlift,242.5,3,4,315.3,486,68,120,57.9,39.1,,,,,,,,,,,,,
2024-10-08,Tuesday,Pause Deadlift,242.5,3,4,315.3,486,68,120,57.9,39.1,,,,,,,,,,,,,
2024-10-08,Tuesday,Pause Deadlift,242.5,3,4,315.3,486,68,120,57.9,39.1,,,,,,,,,,,,,
2024-10-07,Monday,Touch and Go Bench,148.8,6,5,207.2,481,38,90,59,43,,,,,,,,,,,,,
2024-10-07,Monday,Touch and Go Bench,148.8,6,5,207.2,481,38,90,59,43,,,,,,,,,,,,,
2024-10-07,Monday,Touch and Go Bench,148.8,6,5,207.2,481,38,90,59,43,,,,,,,,,,,,,
2024-10-07,Monday,Touch and Go Bench,148.8,6,4,216.1,481,38,90,59,43,,,,,,,,,,,,,
2024-10-05,Saturday,Pause Squat,231.5,1,4,275.6,401,58,123,61,32,,,,,,,,,,,,,
2024-10-05,Saturday,Pause Squat,220.5,3,3,293.2,401,58,123,61,32,,,,,,,,,,,,,
2024-10-05,Saturday,Pause Squat,220.5,3,3,293.2,401,58,123,61,32,,,,,,,,,,,,,
2024-10-05,Saturday,Pause Squat,220.5,3,4,282.2,401,58,123,61,32,,,,,,,,,,,,,
2024-10-05,Saturday,Deadlift,308.6,1,4,372.6,401,58,123,61,32,,,,,,,,,,,,,
2024-10-05,Saturday,Deadlift,286.6,3,5,354.9,401,58,123,61,32,,,,,,,,,,,,,
2024-10-05,Saturday,Deadlift,286.6,3,4,368.2,401,58,123,61,32,,,,,,,,,,,,,
2024-10-04,Friday,Bench Press,165.3,1,5,191.8,349,11,58,66,20,,,,,,,,,,,,,
2024-10-04,Friday,Bench Press,154.3,4,5,200.6,349,11,58,66,20,,,,,,,,,,,,,
2024-10-04,Friday,Bench Press,154.3,4,4,207.2,349,11,58,66,20,,,,,,,,,,,,,
2024-10-04,Friday,Bench Press,154.3,4,4.5,202.8,349,11,58,66,20,,,,,,,,,,,,,
2024-10-04,Friday,Bench Press,154.3,4,4.5,202.8,349,11,58,66,20,,,,,,,,,,,,,
2024-10-02,Wednesday,Long Pause Bench,143.3,3,6,174.2,281,44,53,59,33,,,,,,,,,,,,,
2024-10-02,Wednesday,Long Pause Bench,143.3,3,4,187.4,281,44,53,59,33,,,,,,,,,,,,,
2024-10-02,Wednesday,Long Pause Bench,143.3,3,5,180.8,281,44,53,59,33,,,,,,,,,,,,,
2024-10-01,Tuesday,Squat,209.4,5,2,315.3,273,38,60,56,44,,,,,,,,,,,,,
2024-10-01,Tuesday,Squat,209.4,5,2,315.3,273,38,60,56,44,,,,,,,,,,,,,
2024-10-01,Tuesday,Squat,209.4,5,2,315.3,273,38,60,56,44,,,,,,,,,,,,,
2024-10-01,Tuesday,Pause Deadlift,242.5,3,6.5,291,273,38,60,56,44,,,,,,,,,,,,,
2024-10-01,Tuesday,Pause Deadlift,242.5,3,6,295.4,273,38,60,56,44,,,,,,,,,,,,,
2024-10-01,Tuesday,Pause Deadlift,242.5,3,5.5,299.8,273,38,60,56,44,,,,,,,,,,,,,
2024-09-30,Monday,Touch and Go Bench,148.8,5,5.5,198.4,,,,,,,,,,,,,,,,,,
2024-09-30,Monday,Touch and Go Bench,148.8,6,6,200.6,,,,,,,,,,,,,,,,,,
2024-09-30,Monday,Touch and Go Bench,148.8,6,6,200.6,,,,,,,,,,,,,,,,,,
2024-09-30,Monday,Touch and Go Bench,148.8,6,5,207.2,,,,,,,,,,,,,,,,,,
2024-09-28,Saturday,Pause Squat,226,1,3,280,560,78,140,62,40,,,,,,,,,,,,,
2024-09-28,Saturday,Pause Squat,215,3,4.5,273.4,560,78,140,62,40,,,,,,,,,,,,,
2024-09-28,Saturday,Pause Squat,215,3,4.5,273.4,560,78,140,62,40,,,,,,,,,,,,,
2024-09-28,Saturday,Deadlift,303.1,1,6,341.7,560,78,140,62,40,,,,,,,,,,,,,
2024-09-28,Saturday,Deadlift,292.1,2,5,348.3,560,78,140,62,40,,,,,,,,,,,,,
2024-09-28,Saturday,Deadlift,292.1,2,5,348.3,560,78,140,62,40,,,,,,,,,,,,,
2024-09-27,Friday,Bench Press,159.8,1,6,180.8,434,54,122,64.2,26,,,,,,,,,,,,,
2024-09-27,Friday,Bench Press,148.8,4,6,185.2,434,54,122,64.2,26,,,,,,,,,,,,,
2024-09-27,Friday,Bench Press,148.8,4,5.5,189.6,434,54,122,64.2,26,,,,,,,,,,,,,
2024-09-27,Friday,Bench Press,148.8,4,5.5,189.6,434,54,122,64.2,26,,,,,,,,,,,,,
2024-09-25,Wednesday,Long Pause Bench,137.8,3,4,180.8,243,47,43,63,24,,,,,,,,,,,,,
2024-09-25,Wednesday,Long Pause Bench,137.8,3,4,180.8,243,47,43,63,24,,,,,,,,,,,,,
2024-09-25,Wednesday,Long Pause Bench,137.8,3,4,180.8,243,47,43,63,24,,,,,,,,,,,,,
2024-09-24,Tuesday,Tempo Squat,170.9,5,6,218.3,291,48,43,59,28,,,,,,,,,,,,,
2024-09-24,Tuesday,Tempo Squat,170.9,5,4,235.9,291,48,43,59,28,,,,,,,,,,,,,
2024-09-24,Tuesday,Tempo Squat,170.9,5,4.5,229.3,291,48,43,59,28,,,,,,,,,,,,,
2024-09-24,Tuesday,Pause Deadlift,237,3,5,293.2,291,48,43,59,28,,,,,,,,,,,,,
2024-09-24,Tuesday,Pause Deadlift,237,3,5,293.2,291,48,43,59,28,,,,,,,,,,,,,
2024-09-23,Monday,Touch and Go Bench,143.3,6,5,200.6,,,,,,,,,,,,,,,,,,
2024-09-23,Monday,Touch and Go Bench,143.3,6,5,200.6,,,,,,,,,,,,,,,,,,
2024-09-23,Monday,Touch and Go Bench,143.3,6,4.5,205,,,,,,,,,,,,,,,,,,
2024-09-21,Saturday,Pause Squat,226,1,4,269,,,,,,,,,,,,,,,,,,
2024-09-21,Saturday,Pause Squat,215,4,5,277.8,,,,,,,,,,,,,,,,,,
2024-09-21,Saturday,Pause Squat,215,4,5,277.8,,,,,,,,,,,,,,,,,,
2024-09-21,Saturday,Pause Squat,215,4,5,277.8,,,,,,,,,,,,,,,,,,
2024-09-21,Saturday,Deadlift,303.1,1,5,354.9,,,,,,,,,,,,,,,,,,
2024-09-21,Saturday,Deadlift,292.1,3,6,348.3,,,,,,,,,,,,,,,,,,
2024-09-21,Saturday,Deadlift,292.1,3,6.5,341.7,,,,,,,,,,,,,,,,,,
2024-09-20,Friday,Bench Press,159.8,1,6,180.8,,,,,,,,,,,,,,,,,,
2024-09-20,Friday,Bench Press,148.8,5,5,200.6,,,,,,,,,,,,,,,,,,
2024-09-20,Friday,Bench Press,148.8,5,6,191.8,,,,,,,,,,,,,,,,,,
2024-09-20,Friday,Bench Press,148.8,5,6,191.8,,,,,,,,,,,,,,,,,,
2024-09-20,Friday,Bench Press,148.8,5,7.5,183,,,,,,,,,,,,,,,,,,
2024-09-18,Wednesday,Long Pause Bench,137.8,4,4,187.4,,,,,,,,,,,,,,,,,,
2024-09-18,Wednesday,Long Pause Bench,137.8,4,4,187.4,,,,,,,,,,,,,,,,,,
2024-09-18,Wednesday,Long Pause Bench,137.8,4,4,187.4,,,,,,,,,,,,,,,,,,
2024-09-18,Wednesday,Long Pause Bench,137.8,4,4,187.4,,,,,,,,,,,,,,,,,,
2024-09-17,Tuesday,Tempo Squat,170.9,6,5,235.9,,,,,,,,,,,,,,,,,,
2024-09-17,Tuesday,Tempo Squat,170.9,6,5,235.9,,,,,,,,,,,,,,,,,,
2024-09-17,Tuesday,Tempo Squat,170.9,6,5,235.9,,,,,,,,,,,,,,,,,,
2024-09-17,Tuesday,Pause Deadlift,237,4,5,302,,,,,,,,,,,,,,,,,,
2024-09-17,Tuesday,Pause Deadlift,237,4,5,302,,,,,,,,,,,,,,,,,,
2024-09-17,Tuesday,Pause Deadlift,226,4,4,299.8,,,,,,,,,,,,,,,,,,
2024-09-16,Monday,Touch and Go Bench,143.3,7,5,209.4,,,,,,,,,,,,,,,,,,
2024-09-16,Monday,Touch and Go Bench,143.3,7,5,209.4,,,,,,,,,,,,,,,,,,
2024-09-16,Monday,Touch and Go Bench,143.3,8,6,209.4,,,,,,,,,,,,,,,,,,
2024-09-14,Saturday,Pause Squat,215,4,5,277.8,,,,,,,,,,,,,,,,,,
2024-09-14,Saturday,Pause Squat,215,4,5,277.8,,,,,,,,,,,,,,,,,,
2024-09-14,Saturday,Pause Squat,215,4,4,286.6,,,,,,,,,,,,,,,,,,
2024-09-14,Saturday,Deadlift,292.1,3,,,,,,,,,,,,,,,,,,,,
2024-09-14,Saturday,Deadlift,292.1,3,,,,,,,,,,,,,,,,,,,,
2024-09-13,Friday,Bench Press,148.8,5,7,185.2,,,,,,,,,,,,,,,,,,
2024-09-13,Friday,Bench Press,148.8,5,7,185.2,,,,,,,,,,,,,,,,,,
2024-09-13,Friday,Bench Press,148.8,5,7,185.2,,,,,,,,,,,,,,,,,,
2024-09-13,Friday,Bench Press,148.8,5,7,185.2,,,,,,,,,,,,,,,,,,
2024-09-11,Wednesday,Long Pause Bench,143.3,4,5,183,,,,,,,,,,,,,,,,,,
2024-09-11,Wednesday,Long Pause Bench,143.3,4,6,174.2,,,,,,,,,,,,,,,,,,
2024-09-11,Wednesday,Long Pause Bench,143.3,4,6,174.2,,,,,,,,,,,,,,,,,,
2024-09-11,Wednesday,Long Pause Bench,143.3,4,6,174.2,,,,,,,,,,,,,,,,,,
2024-09-10,Tuesday,Tempo Squat,170.9,6,8,209.4,,,,,,,,,,,,,,,,,,
2024-09-10,Tuesday,Tempo Squat,170.9,6,8,209.4,,,,,,,,,,,,,,,,,,
2024-09-10,Tuesday,Tempo Squat,170.9,6,7,218.3,,,,,,,,,,,,,,,,,,
2024-09-10,Tuesday,Pause Deadlift,231.5,4,5,295.4,,,,,,,,,,,,,,,,,,
2024-09-10,Tuesday,Pause Deadlift,231.5,4,5,295.4,,,,,,,,,,,,,,,,,,
2024-09-10,Tuesday,Pause Deadlift,231.5,4,5,295.4,,,,,,,,,,,,,,,,,,
2024-09-09,Monday,Touch and Go Bench,143.3,7,5,209.4,,,,,,,,,,,,,,,,,,
2024-09-09,Monday,Touch and Go Bench,143.3,7,6,200.6,,,,,,,,,,,,,,,,,,
2024-09-09,Monday,Touch and Go Bench,143.3,7,6,200.6,,,,,,,,,,,,,,,,,,
2024-09-07,Saturday,Pause Squat,215,3,3,286.6,,,,,,,,,,,,,,,,,,
2024-09-07,Saturday,Pause Squat,215,3,3,286.6,,,,,,,,,,,,,,,,,,
2024-09-07,Saturday,Pause Squat,215,3,4,277.8,,,,,,,,,,,,,,,,,,
2024-09-07,Saturday,Deadlift,292.1,2,2,388,,,,,,,,,,,,,,,,,,
2024-09-07,Saturday,Deadlift,292.1,2,2,388,,,,,,,,,,,,,,,,,,
2024-09-06,Friday,Bench Press,154.3,4,6,191.8,,,,,,,,,,,,,,,,,,
2024-09-06,Friday,Bench Press,154.3,4,6,191.8,,,,,,,,,,,,,,,,,,
2024-09-06,Friday,Bench Press,154.3,4,7,185.2,,,,,,,,,,,,,,,,,,
2024-09-04,Wednesday,Long Pause Bench,137.8,3,3,187.4,,,,,,,,,,,,,,,,,,
2024-09-04,Wednesday,Long Pause Bench,137.8,3,4,180.8,,,,,,,,,,,,,,,,,,
2024-09-04,Wednesday,Long Pause Bench,137.8,3,4,180.8,,,,,,,,,,,,,,,,,,
2024-09-04,Wednesday,Long Pause Bench,137.8,3,5,174.2,,,,,,,,,,,,,,,,,,
2024-09-03,Tuesday,Tempo Squat,181.9,5,5,240.3,,,,,,,,,,,,,,,,,,
2024-09-03,Tuesday,Tempo Squat,181.9,5,5,240.3,,,,,,,,,,,,,,,,,,
2024-09-03,Tuesday,Tempo Squat,181.9,5,5,240.3,,,,,,,,,,,,,,,,,,
2024-09-03,Tuesday,Pause Deadlift,231.5,3,4,295.4,,,,,,,,,,,,,,,,,,
2024-09-03,Tuesday,Pause Deadlift,231.5,3,4,295.4,,,,,,,,,,,,,,,,,,
2024-09-03,Tuesday,Pause Deadlift,231.5,3,4,295.4,,,,,,,,,,,,,,,,,,
2024-09-02,Monday,Touch and Go Bench,148.8,6,7,191.8,,,,,,,,,,,,,,,,,,
2024-09-02,Monday,Touch and Go Bench,148.8,6,8,185.2,,,,,,,,,,,,,,,,,,
2024-09-02,Monday,Touch and Go Bench,148.8,6,8,185.2,,,,,,,,,,,,,,,,,,
2024-08-31,Saturday,Pause Squat,203.9,3,4,262.4,,,,,,,,,,,,,,,,,,
2024-08-31,Saturday,Pause Squat,203.9,3,4,262.4,,,,,,,,,,,,,,,,,,
2024-08-31,Saturday,Pause Squat,203.9,3,4,262.4,,,,,,,,,,,,,,,,,,
2024-08-31,Saturday,Deadlift,286.6,2,4,354.9,,,,,,,,,,,,,,,,,,
2024-08-31,Saturday,Deadlift,286.6,2,4,,,,,,,,,,,,,,,,,,,
2024-08-30,Friday,Bench Press,148.8,4,5,191.8,,,,,,,,,,,,,,,,,,
2024-08-30,Friday,Bench Press,148.8,4,7,180.8,,,,,,,,,,,,,,,,,,
2024-08-30,Friday,Bench Press,148.8,4,6,185.2,,,,,,,,,,,,,,,,,,
2024-08-28,Wednesday,Long Pause Bench,132.3,3,4,167.6,,,,,,,,,,,,,,,,,,
2024-08-28,Wednesday,Long Pause Bench,132.3,3,4,167.6,,,,,,,,,,,,,,,,,,
2024-08-28,Wednesday,Long Pause Bench,132.3,3,4,167.6,,,,,,,,,,,,,,,,,,
2024-08-28,Wednesday,Long Pause Bench,132.3,3,4,167.6,,,,,,,,,,,,,,,,,,
2024-08-27,Tuesday,Tempo Squat,170.9,5,5,227.1,,,,,,,,,,,,,,,,,,
2024-08-27,Tuesday,Tempo Squat,170.9,5,4,235.9,,,,,,,,,,,,,,,,,,
2024-08-27,Tuesday,Tempo Squat,170.9,5,5,,,,,,,,,,,,,,,,,,,
2024-08-27,Tuesday,Pause Deadlift,220.5,3,5,273.4,,,,,,,,,,,,,,,,,,
2024-08-27,Tuesday,Pause Deadlift,220.5,3,5,273.4,,,,,,,,,,,,,,,,,,
2024-08-27,Tuesday,Pause Deadlift,220.5,3,5,273.4,,,,,,,,,,,,,,,,,,
2024-08-26,Monday,Touch and Go Bench,143.3,6,5,200.6,,,,,,,,,,,,,,,,,,
2024-08-26,Monday,Touch and Go Bench,143.3,6,4,209.4,,,,,,,,,,,,,,,,,,
2024-08-26,Monday,Touch and Go Bench,143.3,6,4,209.4,,,,,,,,,,,,,,,,,,
2024-08-24,Saturday,Pause Squat,203.9,2,3,262.4,,,,,,,,,,,,,,,,,,
2024-08-24,Saturday,Pause Squat,203.9,2,3,262.4,,,,,,,,,,,,,,,,,,
2024-08-24,Saturday,Pause Squat,203.9,2,3,262.4,,,,,,,,,,,,,,,,,,
2024-08-24,Saturday,Pause Squat,203.9,2,3,262.4,,,,,,,,,,,,,,,,,,
2024-08-24,Saturday,Deadlift,286.6,1,5,332.9,,,,,,,,,,,,,,,,,,
2024-08-24,Saturday,Deadlift,286.6,1,5,332.9,,,,,,,,,,,,,,,,,,
2024-08-24,Saturday,Deadlift,286.6,1,5,332.9,,,,,,,,,,,,,,,,,,
2024-08-24,Saturday,Deadlift,286.6,1,5,332.9,,,,,,,,,,,,,,,,,,
2024-08-24,Saturday,Deadlift,286.6,1,5,332.9,,,,,,,,,,,,,,,,,,
2024-08-23,Friday,Bench Press,148.8,4,5,191.8,,,,,,,,,,,,,,,,,,
2024-08-23,Friday,Bench Press,148.8,4,5,191.8,,,,,,,,,,,,,,,,,,
2024-08-23,Friday,Bench Press,148.8,4,5,191.8,,,,,,,,,,,,,,,,,,
2024-08-21,Wednesday,Long Pause Bench,132.3,2,5,154.3,,,,,,,,,,,,,,,,,,
2024-08-21,Wednesday,Long Pause Bench,132.3,2,5,154.3,,,,,,,,,,,,,,,,,,
2024-08-21,Wednesday,Long Pause Bench,132.3,2,3,167.6,,,,,,,,,,,,,,,,,,
2024-08-21,Wednesday,Long Pause Bench,132.3,2,3,167.6,,,,,,,,,,,,,,,,,,
2024-08-20,Tuesday,Tempo Squat,170.9,4,5,218.3,,,,,,,,,,,,,,,,,,
2024-08-20,Tuesday,Tempo Squat,170.9,4,5,218.3,,,,,,,,,,,,,,,,,,
2024-08-20,Tuesday,Tempo Squat,170.9,4,5,218.3,,,,,,,,,,,,,,,,,,
2024-08-20,Tuesday,Pause Deadlift,220.5,2,5,264.6,,,,,,,,,,,,,,,,,,
2024-08-20,Tuesday,Pause Deadlift,220.5,2,5,264.6,,,,,,,,,,,,,,,,,,
2024-08-20,Tuesday,Pause Deadlift,220.5,2,5,264.6,,,,,,,,,,,,,,,,,,
2024-08-19,Monday,Touch and Go Bench,137.8,6,4,202.8,,,,,,,,,,,,,,,,,,
2024-08-19,Monday,Touch and Go Bench,137.8,6,5,194,,,,,,,,,,,,,,,,,,
2024-08-19,Monday,Touch and Go Bench,137.8,6,5,194,,,,,,,,,,,,,,,,,,
2024-08-17,Saturday,Pause Squat,192.9,3,5,242.5,,,,,,,,,,,,,,,,,,
2024-08-17,Saturday,Pause Squat,192.9,3,5,242.5,,,,,,,,,,,,,,,,,,
2024-08-17,Saturday,Pause Squat,192.9,3,5,242.5,,,,,,,,,,,,,,,,,,
2024-08-17,Saturday,Pause Squat,192.9,3,5,242.5,,,,,,,,,,,,,,,,,,
2024-08-17,Saturday,Deadlift,281.1,2,2,372.6,,,,,,,,,,,,,,,,,,
2024-08-17,Saturday,Deadlift,281.1,2,2,372.6,,,,,,,,,,,,,,,,,,
2024-08-17,Saturday,Deadlift,281.1,2,2,372.6,,,,,,,,,,,,,,,,,,
2024-08-16,Friday,Bench Press,143.3,5,5,191.8,,,,,,,,,,,,,,,,,,
2024-08-16,Friday,Bench Press,143.3,5,6,187.4,,,,,,,,,,,,,,,,,,
2024-08-16,Friday,Bench Press,143.3,5,6,187.4,,,,,,,,,,,,,,,,,,
2024-08-14,Wednesday,Long Pause Bench,126.8,3,6,149.9,,,,,,,,,,,,,,,,,,
2024-08-14,Wednesday,Long Pause Bench,126.8,3,6,149.9,,,,,,,,,,,,,,,,,,
2024-08-14,Wednesday,Long Pause Bench,126.8,3,6,149.9,,,,,,,,,,,,,,,,,,
2024-08-14,Wednesday,Long Pause Bench,126.8,3,6,149.9,,,,,,,,,,,,,,,,,,
2024-08-13,Tuesday,Tempo Squat,165.3,5,,,,,,,,,,,,,,,,,,,,
2024-08-13,Tuesday,Tempo Squat,165.3,5,,,,,,,,,,,,,,,,,,,,
2024-08-13,Tuesday,Tempo Squat,165.3,5,,,,,,,,,,,,,,,,,,,,
2024-08-13,Tuesday,Pause Deadlift,215,3,6,257.9,,,,,,,,,,,,,,,,,,
2024-08-13,Tuesday,Pause Deadlift,215,3,6,257.9,,,,,,,,,,,,,,,,,,
2024-08-13,Tuesday,Pause Deadlift,215,3,6,257.9,,,,,,,,,,,,,,,,,,
2024-08-12,Monday,Touch and Go Bench,132.3,7,5,194,,,,,,,,,,,,,,,,,,
2024-08-12,Monday,Touch and Go Bench,132.3,7,4,202.8,,,,,,,,,,,,,,,,,,
2024-08-12,Monday,Touch and Go Bench,132.3,7,4,202.8,,,,,,,,,,,,,,,,,,
2024-08-10,Saturday,Pause Squat,192.9,3,4,249.1,,,,,,,,,,,,,,,,,,
2024-08-10,Saturday,Pause Squat,192.9,3,4,249.1,,,,,,,,,,,,,,,,,,
2024-08-10,Saturday,Pause Squat,192.9,3,4,249.1,,,,,,,,,,,,,,,,,,
2024-08-10,Saturday,Pause Squat,192.9,3,4,249.1,,,,,,,,,,,,,,,,,,
2024-08-10,Saturday,Deadlift,286.6,2,5,341.7,,,,,,,,,,,,,,,,,,
2024-08-10,Saturday,Deadlift,286.6,2,5,341.7,,,,,,,,,,,,,,,,,,
2024-08-10,Saturday,Deadlift,286.6,2,5,341.7,,,,,,,,,,,,,,,,,,
2024-08-09,Friday,Bench Press,143.3,4,5,187.4,,,,,,,,,,,,,,,,,,
2024-08-09,Friday,Bench Press,143.3,4,5,187.4,,,,,,,,,,,,,,,,,,
2024-08-09,Friday,Bench Press,143.3,4,5,187.4,,,,,,,,,,,,,,,,,,
2024-08-07,Wednesday,Long Pause Bench,121.3,3,3,160.9,,,,,,,,,,,,,,,,,,
2024-08-07,Wednesday,Long Pause Bench,121.3,3,3,160.9,,,,,,,,,,,,,,,,,,
2024-08-07,Wednesday,Long Pause Bench,121.3,3,3,160.9,,,,,,,,,,,,,,,,,,
2024-08-07,Wednesday,Long Pause Bench,121.3,3,3,160.9,,,,,,,,,,,,,,,,,,
2024-08-06,Tuesday,Tempo Squat,148.8,5,6,191.8,,,,,,,,,,,,,,,,,,
2024-08-06,Tuesday,Tempo Squat,148.8,5,5,200.6,,,,,,,,,,,,,,,,,,
2024-08-06,Tuesday,Tempo Squat,148.8,5,5,200.6,,,,,,,,,,,,,,,,,,
2024-08-06,Tuesday,Pause Deadlift,203.9,3,5,255.7,,,,,,,,,,,,,,,,,,
2024-08-06,Tuesday,Pause Deadlift,203.9,3,5,255.7,,,,,,,,,,,,,,,,,,
2024-08-06,Tuesday,Pause Deadlift,203.9,3,5,255.7,,,,,,,,,,,,,,,,,,
2024-08-05,Monday,Touch and Go Bench,132.3,6,3,194,,,,,,,,,,,,,,,,,,
2024-08-05,Monday,Touch and Go Bench,132.3,6,3,194,,,,,,,,,,,,,,,,,,
2024-08-05,Monday,Touch and Go Bench,132.3,6,3,194,,,,,,,,,,,,,,,,,,
2024-08-03,Saturday,Pause Squat,187.4,3,2,255.7,,,,,,,,,,,,,,,,,,
2024-08-03,Saturday,Pause Squat,187.4,3,2,255.7,,,,,,,,,,,,,,,,,,
2024-08-03,Saturday,Pause Squat,187.4,3,3,246.9,,,,,,,,,,,,,,,,,,
2024-08-03,Saturday,Pause Squat,187.4,3,3,246.9,,,,,,,,,,,,,,,,,,
2024-08-03,Saturday,Long Pause Bench,115.7,3,3,152.1,,,,,,,,,,,,,,,,,,
2024-08-03,Saturday,Long Pause Bench,115.7,3,3,152.1,,,,,,,,,,,,,,,,,,
2024-08-03,Saturday,Long Pause Bench,115.7,3,3,152.1,,,,,,,,,,,,,,,,,,
2024-08-03,Saturday,Deadlift,270.1,2,4,335.1,,,,,,,,,,,,,,,,,,
2024-08-03,Saturday,Deadlift,270.1,2,4,335.1,,,,,,,,,,,,,,,,,,
2024-08-03,Saturday,Deadlift,270.1,2,4,335.1,,,,,,,,,,,,,,,,,,
2024-08-02,Friday,Bench Press,143.3,4,5,187.4,,,,,,,,,,,,,,,,,,
2024-08-02,Friday,Bench Press,143.3,4,5,187.4,,,,,,,,,,,,,,,,,,
2024-08-02,Friday,Bench Press,143.3,4,6,180.8,,,,,,,,,,,,,,,,,,
2024-07-27,Saturday,Pause Squat,181.9,3,4,231.5,,,,,,,,,,,,,,,,,,
2024-07-27,Saturday,Pause Squat,181.9,3,4,231.5,,,,,,,,,,,,,,,,,,
2024-07-27,Saturday,Pause Squat,181.9,3,4,231.5,,,,,,,,,,,,,,,,,,
2024-07-27,Saturday,Pause Squat,181.9,3,4,231.5,,,,,,,,,,,,,,,,,,
2024-07-27,Saturday,Deadlift,264.6,2,4,330.7,,,,,,,,,,,,,,,,,,
2024-07-27,Saturday,Deadlift,264.6,2,4,330.7,,,,,,,,,,,,,,,,,,
2024-07-27,Saturday,Deadlift,264.6,2,4,330.7,,,,,,,,,,,,,,,,,,
2024-07-26,Friday,Bench Press,137.8,4,5.5,178.6,,,,,,,,,,,,,,,,,,
2024-07-26,Friday,Bench Press,137.8,4,5.5,178.6,,,,,,,,,,,,,,,,,,
2024-07-26,Friday,Bench Press,137.8,4,6,174.2,,,,,,,,,,,,,,,,,,
2024-07-24,Wednesday,Long Pause Bench,110.2,3,4,143.3,,,,,,,,,,,,,,,,,,
2024-07-24,Wednesday,Long Pause Bench,110.2,3,4,143.3,,,,,,,,,,,,,,,,,,
2024-07-24,Wednesday,Long Pause Bench,110.2,3,4,143.3,,,,,,,,,,,,,,,,,,
2024-07-24,Wednesday,Long Pause Bench,110.2,3,4,143.3,,,,,,,,,,,,,,,,,,
2024-07-23,Tuesday,Tempo Squat,148.8,5,4,207.2,,,,,,,,,,,,,,,,,,
2024-07-23,Tuesday,Tempo Squat,148.8,5,4,207.2,,,,,,,,,,,,,,,,,,
2024-07-23,Tuesday,Tempo Squat,148.8,5,4,207.2,,,,,,,,,,,,,,,,,,
2024-07-23,Tuesday,Pause Deadlift,203.9,3,4,262.4,,,,,,,,,,,,,,,,,,
2024-07-23,Tuesday,Pause Deadlift,203.9,3,4,262.4,,,,,,,,,,,,,,,,,,
2024-07-23,Tuesday,Pause Deadlift,203.9,3,4,262.4,,,,,,,,,,,,,,,,,,
2024-07-22,Monday,Touch and Go Bench,132.3,6,5,180.8,,,,,,,,,,,,,,,,,,
2024-07-22,Monday,Touch and Go Bench,132.3,6,5,180.8,,,,,,,,,,,,,,,,,,
2024-07-22,Monday,Touch and Go Bench,132.3,6,5,180.8,,,,,,,,,,,,,,,,,,
